country,region,year,coalConsumption
Algeria,Africa,1965,70000
Argentina,Americas,1965,796000
Australia,Asia,1965,17400000
Austria,Europe,1965,5080000
Azerbaijan,Europe,1965,NA
Bangladesh,Asia,1965,0
Belarus,Europe,1965,NA
Belgium,Europe,1965,19200000
Brazil,Americas,1965,1740000
Bulgaria,Europe,1965,6000000
Canada,Americas,1965,15500000
Chile,Americas,1965,1160000
China,Asia,1965,114000000
Colombia,Americas,1965,2010000
Czech Republic,Europe,1965,35300000
Denmark,Europe,1965,3700000
Ecuador,Americas,1965,0
Egypt,Africa,1965,403000
Finland,Europe,1965,1740000
France,Europe,1965,41400000
Germany,Europe,1965,161000000
Greece,Europe,1965,2110000
Hungary,Europe,1965,10900000
India,Asia,1965,35500000
Indonesia,Asia,1965,129000
Iran,Asia,1965,211000
Ireland,Europe,1965,3130000
Israel,Asia,1965,0
Italy,Europe,1965,8630000
Japan,Asia,1965,48700000
Kazakhstan,Asia,1965,NA
Kuwait,Asia,1965,0
Lithuania,Europe,1965,NA
Malaysia,Asia,1965,15000
Mexico,Americas,1965,690000
Netherlands,Europe,1965,8860000
New Zealand,Asia,1965,1640000
Norway,Europe,1965,763000
Pakistan,Asia,1965,1380000
Peru,Americas,1965,36100
Philippines,Asia,1965,44300
Poland,Europe,1965,59500000
Portugal,Europe,1965,592000
Qatar,Asia,1965,0
Romania,Europe,1965,4360000
Russia,Europe,1965,NA
Saudi Arabia,Asia,1965,0
Singapore,Asia,1965,4000
Slovak Republic,Europe,1965,6040000
South Africa,Africa,1965,24700000
South Korea,Asia,1965,4950000
Spain,Europe,1965,9700000
Sweden,Europe,1965,2230000
Switzerland,Europe,1965,1280000
Thailand,Asia,1965,45000
Trinidad and Tobago,Americas,1965,0
Turkey,Europe,1965,3670000
Turkmenistan,Asia,1965,NA
Ukraine,Europe,1965,NA
United Arab Emirates,Asia,1965,0
United Kingdom,Europe,1965,117000000
United States,Americas,1965,292000000
Uzbekistan,Asia,1965,NA
Venezuela,Americas,1965,20000
Vietnam,Asia,1965,898000
Algeria,Africa,1966,68000
Argentina,Americas,1966,833000
Australia,Asia,1966,18000000
Austria,Europe,1966,4860000
Azerbaijan,Europe,1966,NA
Bangladesh,Asia,1966,0
Belarus,Europe,1966,NA
Belgium,Europe,1966,17500000
Brazil,Americas,1966,1880000
Bulgaria,Europe,1966,6180000
Canada,Americas,1966,15200000
Chile,Americas,1966,1200000
China,Asia,1966,122000000
Colombia,Americas,1966,2010000
Czech Republic,Europe,1966,35200000
Denmark,Europe,1966,4190000
Ecuador,Americas,1966,0
Egypt,Africa,1966,274000
Finland,Europe,1966,1620000
France,Europe,1966,38300000
Germany,Europe,1966,150000000
Greece,Europe,1966,2100000
Hungary,Europe,1966,10500000
India,Asia,1966,35500000
Indonesia,Asia,1966,158000
Iran,Asia,1966,232000
Ireland,Europe,1966,3560000
Israel,Asia,1966,0
Italy,Europe,1966,8970000
Japan,Asia,1966,51900000
Kazakhstan,Asia,1966,NA
Kuwait,Asia,1966,0
Lithuania,Europe,1966,NA
Malaysia,Asia,1966,20000
Mexico,Americas,1966,736000
Netherlands,Europe,1966,8070000
New Zealand,Asia,1966,1600000
Norway,Europe,1966,703000
Pakistan,Asia,1966,1160000
Peru,Americas,1966,45500
Philippines,Asia,1966,42000
Poland,Europe,1966,60300000
Portugal,Europe,1966,604000
Qatar,Asia,1966,0
Romania,Europe,1966,4700000
Russia,Europe,1966,NA
Saudi Arabia,Asia,1966,0
Singapore,Asia,1966,5000
Slovak Republic,Europe,1966,6110000
South Africa,Africa,1966,24300000
South Korea,Asia,1966,5610000
Spain,Europe,1966,8970000
Sweden,Europe,1966,2130000
Switzerland,Europe,1966,1050000
Thailand,Asia,1966,65000
Trinidad and Tobago,Americas,1966,0
Turkey,Europe,1966,4080000
Turkmenistan,Asia,1966,NA
Ukraine,Europe,1966,NA
United Arab Emirates,Asia,1966,0
United Kingdom,Europe,1966,112000000
United States,Americas,1966,306000000
Uzbekistan,Asia,1966,NA
Venezuela,Americas,1966,21000
Vietnam,Asia,1966,943000
Algeria,Africa,1967,52000
Argentina,Americas,1967,817000
Australia,Asia,1967,18500000
Austria,Europe,1967,4600000
Azerbaijan,Europe,1967,NA
Bangladesh,Asia,1967,0
Belarus,Europe,1967,NA
Belgium,Europe,1967,17200000
Brazil,Americas,1967,1940000
Bulgaria,Europe,1967,6710000
Canada,Americas,1967,15000000
Chile,Americas,1967,1200000
China,Asia,1967,109000000
Colombia,Americas,1967,2210000
Czech Republic,Europe,1967,34100000
Denmark,Europe,1967,3590000
Ecuador,Americas,1967,0
Egypt,Africa,1967,422000
Finland,Europe,1967,1560000
France,Europe,1967,37800000
Germany,Europe,1967,145000000
Greece,Europe,1967,2010000
Hungary,Europe,1967,9080000
India,Asia,1967,36100000
Indonesia,Asia,1967,111000
Iran,Asia,1967,256000
Ireland,Europe,1967,3790000
Israel,Asia,1967,0
Italy,Europe,1967,9830000
Japan,Asia,1967,57000000
Kazakhstan,Asia,1967,NA
Kuwait,Asia,1967,0
Lithuania,Europe,1967,NA
Malaysia,Asia,1967,12000
Mexico,Americas,1967,903000
Netherlands,Europe,1967,7760000
New Zealand,Asia,1967,1460000
Norway,Europe,1967,738000
Pakistan,Asia,1967,1120000
Peru,Americas,1967,51300
Philippines,Asia,1967,32700
Poland,Europe,1967,61400000
Portugal,Europe,1967,601000
Qatar,Asia,1967,0
Romania,Europe,1967,5200000
Russia,Europe,1967,NA
Saudi Arabia,Asia,1967,0
Singapore,Asia,1967,3000
Slovak Republic,Europe,1967,5900000
South Africa,Africa,1967,25000000
South Korea,Asia,1967,5350000
Spain,Europe,1967,9120000
Sweden,Europe,1967,2110000
Switzerland,Europe,1967,889000
Thailand,Asia,1967,116000
Trinidad and Tobago,Americas,1967,0
Turkey,Europe,1967,3620000
Turkmenistan,Asia,1967,NA
Ukraine,Europe,1967,NA
United Arab Emirates,Asia,1967,0
United Kingdom,Europe,1967,104000000
United States,Americas,1967,300000000
Uzbekistan,Asia,1967,NA
Venezuela,Americas,1967,22000
Vietnam,Asia,1967,1030000
Algeria,Africa,1968,55000
Argentina,Americas,1968,657000
Australia,Asia,1968,19100000
Austria,Europe,1968,4540000
Azerbaijan,Europe,1968,NA
Bangladesh,Asia,1968,0
Belarus,Europe,1968,NA
Belgium,Europe,1968,17700000
Brazil,Americas,1968,1910000
Bulgaria,Europe,1968,7290000
Canada,Americas,1968,16300000
Chile,Americas,1968,1200000
China,Asia,1968,108000000
Colombia,Americas,1968,2010000
Czech Republic,Europe,1968,35300000
Denmark,Europe,1968,3220000
Ecuador,Americas,1968,0
Egypt,Africa,1968,439000
Finland,Europe,1968,1870000
France,Europe,1968,36400000
Germany,Europe,1968,147000000
Greece,Europe,1968,2270000
Hungary,Europe,1968,8960000
India,Asia,1968,37300000
Indonesia,Asia,1968,83000
Iran,Asia,1968,282000
Ireland,Europe,1968,4630000
Israel,Asia,1968,0
Italy,Europe,1968,9520000
Japan,Asia,1968,58700000
Kazakhstan,Asia,1968,NA
Kuwait,Asia,1968,0
Lithuania,Europe,1968,NA
Malaysia,Asia,1968,12000
Mexico,Americas,1968,946000
Netherlands,Europe,1968,7360000
New Zealand,Asia,1968,1380000
Norway,Europe,1968,751000
Pakistan,Asia,1968,1230000
Peru,Americas,1968,50900
Philippines,Asia,1968,14900
Poland,Europe,1968,64300000
Portugal,Europe,1968,541000
Qatar,Asia,1968,0
Romania,Europe,1968,5700000
Russia,Europe,1968,NA
Saudi Arabia,Asia,1968,0
Singapore,Asia,1968,6000
Slovak Republic,Europe,1968,6200000
South Africa,Africa,1968,26200000
South Korea,Asia,1968,5050000
Spain,Europe,1968,9230000
Sweden,Europe,1968,1840000
Switzerland,Europe,1968,841000
Thailand,Asia,1968,128000
Trinidad and Tobago,Americas,1968,0
Turkey,Europe,1968,3940000
Turkmenistan,Asia,1968,NA
Ukraine,Europe,1968,NA
United Arab Emirates,Asia,1968,0
United Kingdom,Europe,1968,104000000
United States,Americas,1968,311000000
Uzbekistan,Asia,1968,NA
Venezuela,Americas,1968,23000
Vietnam,Asia,1968,1150000
Algeria,Africa,1969,70000
Argentina,Americas,1969,875000
Australia,Asia,1969,19700000
Austria,Europe,1969,4470000
Azerbaijan,Europe,1969,NA
Bangladesh,Asia,1969,0
Belarus,Europe,1969,NA
Belgium,Europe,1969,17300000
Brazil,Americas,1969,2130000
Bulgaria,Europe,1969,7330000
Canada,Americas,1969,15800000
Chile,Americas,1969,1200000
China,Asia,1969,130000000
Colombia,Americas,1969,2150000
Czech Republic,Europe,1969,36600000
Denmark,Europe,1969,2940000
Ecuador,Americas,1969,0
Egypt,Africa,1969,474000
Finland,Europe,1969,2250000
France,Europe,1969,36400000
Germany,Europe,1969,151000000
Greece,Europe,1969,2200000
Hungary,Europe,1969,9090000
India,Asia,1969,39600000
Indonesia,Asia,1969,100000
Iran,Asia,1969,311000
Ireland,Europe,1969,4410000
Israel,Asia,1969,0
Italy,Europe,1969,9770000
Japan,Asia,1969,62700000
Kazakhstan,Asia,1969,NA
Kuwait,Asia,1969,0
Lithuania,Europe,1969,NA
Malaysia,Asia,1969,15000
Mexico,Americas,1969,959000
Netherlands,Europe,1969,6260000
New Zealand,Asia,1969,1410000
Norway,Europe,1969,837000
Pakistan,Asia,1969,1110000
Peru,Americas,1969,85700
Philippines,Asia,1969,19600
Poland,Europe,1969,67600000
Portugal,Europe,1969,510000
Qatar,Asia,1969,0
Romania,Europe,1969,6590000
Russia,Europe,1969,NA
Saudi Arabia,Asia,1969,0
Singapore,Asia,1969,3000
Slovak Republic,Europe,1969,6520000
South Africa,Africa,1969,26500000
South Korea,Asia,1969,5270000
Spain,Europe,1969,9290000
Sweden,Europe,1969,1800000
Switzerland,Europe,1969,760000
Thailand,Asia,1969,136000
Trinidad and Tobago,Americas,1969,0
Turkey,Europe,1969,4180000
Turkmenistan,Asia,1969,NA
Ukraine,Europe,1969,NA
United Arab Emirates,Asia,1969,0
United Kingdom,Europe,1969,102000000
United States,Americas,1969,312000000
Uzbekistan,Asia,1969,NA
Venezuela,Americas,1969,24000
Vietnam,Asia,1969,1220000
Algeria,Africa,1970,83000
Argentina,Americas,1970,980000
Australia,Asia,1970,19900000
Austria,Europe,1970,4800000
Azerbaijan,Europe,1970,NA
Bangladesh,Asia,1970,0
Belarus,Europe,1970,NA
Belgium,Europe,1970,16300000
Brazil,Americas,1970,2440000
Bulgaria,Europe,1970,8020000
Canada,Americas,1970,16900000
Chile,Americas,1970,1280000
China,Asia,1970,166000000
Colombia,Americas,1970,2240000
Czech Republic,Europe,1970,37100000
Denmark,Europe,1970,2350000
Ecuador,Americas,1970,0
Egypt,Africa,1970,437000
Finland,Europe,1970,2270000
France,Europe,1970,34700000
Germany,Europe,1970,149000000
Greece,Europe,1970,2530000
Hungary,Europe,1970,9240000
India,Asia,1970,37600000
Indonesia,Asia,1970,87000
Iran,Asia,1970,343000
Ireland,Europe,1970,2150000
Israel,Asia,1970,0
Italy,Europe,1970,9870000
Japan,Asia,1970,60400000
Kazakhstan,Asia,1970,NA
Kuwait,Asia,1970,0
Lithuania,Europe,1970,NA
Malaysia,Asia,1970,16000
Mexico,Americas,1970,1080000
Netherlands,Europe,1970,4590000
New Zealand,Asia,1970,1410000
Norway,Europe,1970,855000
Pakistan,Asia,1970,923000
Peru,Americas,1970,86900
Philippines,Asia,1970,19600
Poland,Europe,1970,70200000
Portugal,Europe,1970,467000
Qatar,Asia,1970,0
Romania,Europe,1970,7160000
Russia,Europe,1970,NA
Saudi Arabia,Asia,1970,0
Singapore,Asia,1970,3000
Slovak Republic,Europe,1970,6580000
South Africa,Africa,1970,27400000
South Korea,Asia,1970,5630000
Spain,Europe,1970,9810000
Sweden,Europe,1970,1900000
Switzerland,Europe,1970,653000
Thailand,Asia,1970,145000
Trinidad and Tobago,Americas,1970,0
Turkey,Europe,1970,4630000
Turkmenistan,Asia,1970,NA
Ukraine,Europe,1970,NA
United Arab Emirates,Asia,1970,0
United Kingdom,Europe,1970,96000000
United States,Americas,1970,309000000
Uzbekistan,Asia,1970,NA
Venezuela,Americas,1970,24000
Vietnam,Asia,1970,1300000
Algeria,Africa,1971,23000
Argentina,Americas,1971,807000
Australia,Asia,1971,20000000
Austria,Europe,1971,4410000
Azerbaijan,Europe,1971,NA
Bangladesh,Asia,1971,0
Belarus,Europe,1971,NA
Belgium,Europe,1971,13500000
Brazil,Americas,1971,2450000
Bulgaria,Europe,1971,7920000
Canada,Americas,1971,16100000
Chile,Americas,1971,1240000
China,Asia,1971,191000000
Colombia,Americas,1971,1740000
Czech Republic,Europe,1971,38700000
Denmark,Europe,1971,1440000
Ecuador,Americas,1971,0
Egypt,Africa,1971,359000
Finland,Europe,1971,2020000
France,Europe,1971,31800000
Germany,Europe,1971,143000000
Greece,Europe,1971,3730000
Hungary,Europe,1971,8940000
India,Asia,1971,38100000
Indonesia,Asia,1971,100000
Iran,Asia,1971,242000
Ireland,Europe,1971,2050000
Israel,Asia,1971,0
Italy,Europe,1971,9540000
Japan,Asia,1971,54800000
Kazakhstan,Asia,1971,NA
Kuwait,Asia,1971,0
Lithuania,Europe,1971,NA
Malaysia,Asia,1971,41000
Mexico,Americas,1971,1350000
Netherlands,Europe,1971,3460000
New Zealand,Asia,1971,1260000
Norway,Europe,1971,804000
Pakistan,Asia,1971,731000
Peru,Americas,1971,122000
Philippines,Asia,1971,19100
Poland,Europe,1971,71800000
Portugal,Europe,1971,432000
Qatar,Asia,1971,0
Romania,Europe,1971,7560000
Russia,Europe,1971,NA
Saudi Arabia,Asia,1971,0
Singapore,Asia,1971,3970
Slovak Republic,Europe,1971,6900000
South Africa,Africa,1971,29200000
South Korea,Asia,1971,5690000
Spain,Europe,1971,9860000
Sweden,Europe,1971,1720000
Switzerland,Europe,1971,441000
Thailand,Asia,1971,114000
Trinidad and Tobago,Americas,1971,0
Turkey,Europe,1971,4760000
Turkmenistan,Asia,1971,NA
Ukraine,Europe,1971,NA
United Arab Emirates,Asia,1971,0
United Kingdom,Europe,1971,85100000
United States,Americas,1971,292000000
Uzbekistan,Asia,1971,NA
Venezuela,Americas,1971,143000
Vietnam,Asia,1971,1430000
Algeria,Africa,1972,20000
Argentina,Americas,1972,720000
Australia,Asia,1972,20900000
Austria,Europe,1972,3990000
Azerbaijan,Europe,1972,NA
Bangladesh,Asia,1972,93500
Belarus,Europe,1972,NA
Belgium,Europe,1972,12900000
Brazil,Americas,1972,2580000
Bulgaria,Europe,1972,8160000
Canada,Americas,1972,15200000
Chile,Americas,1972,1020000
China,Asia,1972,202000000
Colombia,Americas,1972,1810000
Czech Republic,Europe,1972,38100000
Denmark,Europe,1972,1470000
Ecuador,Americas,1972,0
Egypt,Africa,1972,317000
Finland,Europe,1972,2240000
France,Europe,1972,28300000
Germany,Europe,1972,139000000
Greece,Europe,1972,3980000
Hungary,Europe,1972,8690000
India,Asia,1972,40200000
Indonesia,Asia,1972,100000
Iran,Asia,1972,378000
Ireland,Europe,1972,1910000
Israel,Asia,1972,0
Italy,Europe,1972,8870000
Japan,Asia,1972,53600000
Kazakhstan,Asia,1972,NA
Kuwait,Asia,1972,0
Lithuania,Europe,1972,NA
Malaysia,Asia,1972,104000
Mexico,Americas,1972,1490000
Netherlands,Europe,1972,2960000
New Zealand,Asia,1972,1290000
Norway,Europe,1972,873000
Pakistan,Asia,1972,586000
Peru,Americas,1972,132000
Philippines,Asia,1972,18700
Poland,Europe,1972,75100000
Portugal,Europe,1972,382000
Qatar,Asia,1972,0
Romania,Europe,1972,7920000
Russia,Europe,1972,NA
Saudi Arabia,Asia,1972,0
Singapore,Asia,1972,3000
Slovak Republic,Europe,1972,7020000
South Africa,Africa,1972,29500000
South Korea,Asia,1972,5830000
Spain,Europe,1972,10100000
Sweden,Europe,1972,1470000
Switzerland,Europe,1972,373000
Thailand,Asia,1972,89800
Trinidad and Tobago,Americas,1972,0
Turkey,Europe,1972,5110000
Turkmenistan,Asia,1972,NA
Ukraine,Europe,1972,NA
United Arab Emirates,Asia,1972,0
United Kingdom,Europe,1972,74500000
United States,Americas,1972,304000000
Uzbekistan,Asia,1972,NA
Venezuela,Americas,1972,150000
Vietnam,Asia,1972,1080000
Algeria,Africa,1973,23000
Argentina,Americas,1973,760000
Australia,Asia,1973,21800000
Austria,Europe,1973,3970000
Azerbaijan,Europe,1973,NA
Bangladesh,Asia,1973,121000
Belarus,Europe,1973,NA
Belgium,Europe,1973,10800000
Brazil,Americas,1973,2540000
Bulgaria,Europe,1973,8220000
Canada,Americas,1973,15600000
Chile,Americas,1973,1110000
China,Asia,1973,205000000
Colombia,Americas,1973,1850000
Czech Republic,Europe,1973,37300000
Denmark,Europe,1973,2250000
Ecuador,Americas,1973,0
Egypt,Africa,1973,276000
Finland,Europe,1973,2490000
France,Europe,1973,27900000
Germany,Europe,1973,140000000
Greece,Europe,1973,4680000
Hungary,Europe,1973,8740000
India,Asia,1973,39700000
Indonesia,Asia,1973,67000
Iran,Asia,1973,635000
Ireland,Europe,1973,1860000
Israel,Asia,1973,0
Italy,Europe,1973,9000000
Japan,Asia,1973,56600000
Kazakhstan,Asia,1973,NA
Kuwait,Asia,1973,0
Lithuania,Europe,1973,NA
Malaysia,Asia,1973,99000
Mexico,Americas,1973,1600000
Netherlands,Europe,1973,3010000
New Zealand,Asia,1973,1460000
Norway,Europe,1973,938000
Pakistan,Asia,1973,582000
Peru,Americas,1973,151000
Philippines,Asia,1973,18700
Poland,Europe,1973,75500000
Portugal,Europe,1973,565000
Qatar,Asia,1973,0
Romania,Europe,1973,8920000
Russia,Europe,1973,NA
Saudi Arabia,Asia,1973,0
Singapore,Asia,1973,4340
Slovak Republic,Europe,1973,6830000
South Africa,Africa,1973,31400000
South Korea,Asia,1973,7370000
Spain,Europe,1973,9890000
Sweden,Europe,1973,1630000
Switzerland,Europe,1973,354000
Thailand,Asia,1973,96100
Trinidad and Tobago,Americas,1973,0
Turkey,Europe,1973,5220000
Turkmenistan,Asia,1973,NA
Ukraine,Europe,1973,NA
United Arab Emirates,Asia,1973,0
United Kingdom,Europe,1973,80700000
United States,Americas,1973,327000000
Uzbekistan,Asia,1973,NA
Venezuela,Americas,1973,272000
Vietnam,Asia,1973,1550000
Algeria,Africa,1974,19000
Argentina,Americas,1974,974000
Australia,Asia,1974,22700000
Austria,Europe,1974,4190000
Azerbaijan,Europe,1974,NA
Bangladesh,Asia,1974,108000
Belarus,Europe,1974,NA
Belgium,Europe,1974,11500000
Brazil,Americas,1974,2690000
Bulgaria,Europe,1974,8080000
Canada,Americas,1974,15900000
Chile,Americas,1974,1050000
China,Asia,1974,203000000
Colombia,Americas,1974,2230000
Czech Republic,Europe,1974,37100000
Denmark,Europe,1974,2130000
Ecuador,Americas,1974,0
Egypt,Africa,1974,483000
Finland,Europe,1974,2530000
France,Europe,1974,28300000
Germany,Europe,1974,140000000
Greece,Europe,1974,4930000
Hungary,Europe,1974,8330000
India,Asia,1974,44800000
Indonesia,Asia,1974,73000
Iran,Asia,1974,695000
Ireland,Europe,1974,2010000
Israel,Asia,1974,0
Italy,Europe,1974,9800000
Japan,Asia,1974,60000000
Kazakhstan,Asia,1974,NA
Kuwait,Asia,1974,0
Lithuania,Europe,1974,NA
Malaysia,Asia,1974,99000
Mexico,Americas,1974,1770000
Netherlands,Europe,1974,2870000
New Zealand,Asia,1974,1500000
Norway,Europe,1974,1040000
Pakistan,Asia,1974,533000
Peru,Americas,1974,161000
Philippines,Asia,1974,26100
Poland,Europe,1974,77600000
Portugal,Europe,1974,439000
Qatar,Asia,1974,0
Romania,Europe,1974,9380000
Russia,Europe,1974,NA
Saudi Arabia,Asia,1974,0
Singapore,Asia,1974,5320
Slovak Republic,Europe,1974,6800000
South Africa,Africa,1974,32900000
South Korea,Asia,1974,7600000
Spain,Europe,1974,9580000
Sweden,Europe,1974,1800000
Switzerland,Europe,1974,305000
Thailand,Asia,1974,144000
Trinidad and Tobago,Americas,1974,0
Turkey,Europe,1974,5690000
Turkmenistan,Asia,1974,NA
Ukraine,Europe,1974,NA
United Arab Emirates,Asia,1974,0
United Kingdom,Europe,1974,71100000
United States,Americas,1974,319000000
Uzbekistan,Asia,1974,NA
Venezuela,Americas,1974,204000
Vietnam,Asia,1974,1850000
Algeria,Africa,1975,24000
Argentina,Americas,1975,1050000
Australia,Asia,1975,23400000
Austria,Europe,1975,3640000
Azerbaijan,Europe,1975,NA
Bangladesh,Asia,1975,125000
Belarus,Europe,1975,NA
Belgium,Europe,1975,8620000
Brazil,Americas,1975,3200000
Bulgaria,Europe,1975,8470000
Canada,Americas,1975,15500000
Chile,Americas,1975,842000
China,Asia,1975,229000000
Colombia,Americas,1975,2270000
Czech Republic,Europe,1975,37900000
Denmark,Europe,1975,2050000
Ecuador,Americas,1975,0
Egypt,Africa,1975,577000
Finland,Europe,1975,2300000
France,Europe,1975,24800000
Germany,Europe,1975,127000000
Greece,Europe,1975,6460000
Hungary,Europe,1975,7940000
India,Asia,1975,48100000
Indonesia,Asia,1975,93000
Iran,Asia,1975,1290000
Ireland,Europe,1975,1700000
Israel,Asia,1975,0
Italy,Europe,1975,9830000
Japan,Asia,1975,56200000
Kazakhstan,Asia,1975,NA
Kuwait,Asia,1975,0
Lithuania,Europe,1975,NA
Malaysia,Asia,1975,9000
Mexico,Americas,1975,2030000
Netherlands,Europe,1975,2410000
New Zealand,Asia,1975,1410000
Norway,Europe,1975,989000
Pakistan,Asia,1975,517000
Peru,Americas,1975,168000
Philippines,Asia,1975,49500
Poland,Europe,1975,83700000
Portugal,Europe,1975,412000
Qatar,Asia,1975,0
Romania,Europe,1975,9720000
Russia,Europe,1975,NA
Saudi Arabia,Asia,1975,0
Singapore,Asia,1975,1280
Slovak Republic,Europe,1975,6780000
South Africa,Africa,1975,35100000
South Korea,Asia,1975,8040000
Spain,Europe,1975,10600000
Sweden,Europe,1975,1940000
Switzerland,Europe,1975,229000
Thailand,Asia,1975,138000
Trinidad and Tobago,Americas,1975,0
Turkey,Europe,1975,5910000
Turkmenistan,Asia,1975,NA
Ukraine,Europe,1975,NA
United Arab Emirates,Asia,1975,0
United Kingdom,Europe,1975,71500000
United States,Americas,1975,319000000
Uzbekistan,Asia,1975,NA
Venezuela,Americas,1975,252000
Vietnam,Asia,1975,2580000
Algeria,Africa,1976,47000
Argentina,Americas,1976,1070000
Australia,Asia,1976,24200000
Austria,Europe,1976,3870000
Azerbaijan,Europe,1976,NA
Bangladesh,Asia,1976,123000
Belarus,Europe,1976,NA
Belgium,Europe,1976,8990000
Brazil,Americas,1976,3420000
Bulgaria,Europe,1976,7900000
Canada,Americas,1976,18300000
Chile,Americas,1976,850000
China,Asia,1976,234000000
Colombia,Americas,1976,2220000
Czech Republic,Europe,1976,38700000
Denmark,Europe,1976,2850000
Ecuador,Americas,1976,0
Egypt,Africa,1976,564000
Finland,Europe,1976,3100000
France,Europe,1976,29200000
Germany,Europe,1976,134000000
Greece,Europe,1976,7630000
Hungary,Europe,1976,8040000
India,Asia,1976,50100000
Indonesia,Asia,1976,93000
Iran,Asia,1976,1270000
Ireland,Europe,1976,1750000
Israel,Asia,1976,0
Italy,Europe,1976,9750000
Japan,Asia,1976,54900000
Kazakhstan,Asia,1976,NA
Kuwait,Asia,1976,0
Lithuania,Europe,1976,NA
Malaysia,Asia,1976,10000
Mexico,Americas,1976,1560000
Netherlands,Europe,1976,3010000
New Zealand,Asia,1976,1450000
Norway,Europe,1976,954000
Pakistan,Asia,1976,512000
Peru,Americas,1976,130000
Philippines,Asia,1976,58800
Poland,Europe,1976,87500000
Portugal,Europe,1976,400000
Qatar,Asia,1976,0
Romania,Europe,1976,9870000
Russia,Europe,1976,NA
Saudi Arabia,Asia,1976,0
Singapore,Asia,1976,3370
Slovak Republic,Europe,1976,6720000
South Africa,Africa,1976,36800000
South Korea,Asia,1976,8960000
Spain,Europe,1976,10300000
Sweden,Europe,1976,1860000
Switzerland,Europe,1976,215000
Thailand,Asia,1976,160000
Trinidad and Tobago,Americas,1976,0
Turkey,Europe,1976,6200000
Turkmenistan,Asia,1976,NA
Ukraine,Europe,1976,NA
United Arab Emirates,Asia,1976,0
United Kingdom,Europe,1976,72800000
United States,Americas,1976,342000000
Uzbekistan,Asia,1976,NA
Venezuela,Americas,1976,165000
Vietnam,Asia,1976,2430000
Algeria,Africa,1977,61000
Argentina,Americas,1977,851000
Australia,Asia,1977,25300000
Austria,Europe,1977,3250000
Azerbaijan,Europe,1977,NA
Bangladesh,Asia,1977,129000
Belarus,Europe,1977,NA
Belgium,Europe,1977,9110000
Brazil,Americas,1977,4330000
Bulgaria,Europe,1977,7870000
Canada,Americas,1977,23400000
Chile,Americas,1977,915000
China,Asia,1977,258000000
Colombia,Americas,1977,2270000
Czech Republic,Europe,1977,39500000
Denmark,Europe,1977,3280000
Ecuador,Americas,1977,0
Egypt,Africa,1977,643000
Finland,Europe,1977,3120000
France,Europe,1977,28100000
Germany,Europe,1977,129000000
Greece,Europe,1977,8110000
Hungary,Europe,1977,8180000
India,Asia,1977,52500000
Indonesia,Asia,1977,100000
Iran,Asia,1977,1290000
Ireland,Europe,1977,1830000
Israel,Asia,1977,0
Italy,Europe,1977,9580000
Japan,Asia,1977,51800000
Kazakhstan,Asia,1977,NA
Kuwait,Asia,1977,0
Lithuania,Europe,1977,NA
Malaysia,Asia,1977,11000
Mexico,Americas,1977,2240000
Netherlands,Europe,1977,3150000
New Zealand,Asia,1977,1390000
Norway,Europe,1977,822000
Pakistan,Asia,1977,557000
Peru,Americas,1977,149000
Philippines,Asia,1977,145000
Poland,Europe,1977,90600000
Portugal,Europe,1977,363000
Qatar,Asia,1977,0
Romania,Europe,1977,9990000
Russia,Europe,1977,NA
Saudi Arabia,Asia,1977,0
Singapore,Asia,1977,4340
Slovak Republic,Europe,1977,6900000
South Africa,Africa,1977,38200000
South Korea,Asia,1977,9780000
Spain,Europe,1977,11000000
Sweden,Europe,1977,1480000
Switzerland,Europe,1977,251000
Thailand,Asia,1977,154000
Trinidad and Tobago,Americas,1977,0
Turkey,Europe,1977,6390000
Turkmenistan,Asia,1977,NA
Ukraine,Europe,1977,NA
United Arab Emirates,Asia,1977,0
United Kingdom,Europe,1977,73000000
United States,Americas,1977,351000000
Uzbekistan,Asia,1977,NA
Venezuela,Americas,1977,256000
Vietnam,Asia,1977,2670000
Algeria,Africa,1978,31000
Argentina,Americas,1978,1220000
Australia,Asia,1978,26000000
Austria,Europe,1978,3300000
Azerbaijan,Europe,1978,NA
Bangladesh,Asia,1978,125000
Belarus,Europe,1978,NA
Belgium,Europe,1978,9330000
Brazil,Americas,1978,4980000
Bulgaria,Europe,1978,8390000
Canada,Americas,1978,19200000
Chile,Americas,1978,892000
China,Asia,1978,283000000
Colombia,Americas,1978,2300000
Czech Republic,Europe,1978,39700000
Denmark,Europe,1978,3610000
Ecuador,Americas,1978,0
Egypt,Africa,1978,616000
Finland,Europe,1978,4210000
France,Europe,1978,29300000
Germany,Europe,1978,131000000
Greece,Europe,1978,7220000
Hungary,Europe,1978,8180000
India,Asia,1978,50800000
Indonesia,Asia,1978,133000
Iran,Asia,1978,787000
Ireland,Europe,1978,1730000
Israel,Asia,1978,0
Italy,Europe,1978,9750000
Japan,Asia,1978,46900000
Kazakhstan,Asia,1978,NA
Kuwait,Asia,1978,0
Lithuania,Europe,1978,NA
Malaysia,Asia,1978,24000
Mexico,Americas,1978,2340000
Netherlands,Europe,1978,3610000
New Zealand,Asia,1978,1280000
Norway,Europe,1978,847000
Pakistan,Asia,1978,593000
Peru,Americas,1978,127000
Philippines,Asia,1978,133000
Poland,Europe,1978,94800000
Portugal,Europe,1978,428000
Qatar,Asia,1978,0
Romania,Europe,1978,11200000
Russia,Europe,1978,NA
Saudi Arabia,Asia,1978,0
Singapore,Asia,1978,4610
Slovak Republic,Europe,1978,7230000
South Africa,Africa,1978,37100000
South Korea,Asia,1978,9890000
Spain,Europe,1978,9470000
Sweden,Europe,1978,1520000
Switzerland,Europe,1978,226000
Thailand,Asia,1978,198000
Trinidad and Tobago,Americas,1978,0
Turkey,Europe,1978,6480000
Turkmenistan,Asia,1978,NA
Ukraine,Europe,1978,NA
United Arab Emirates,Asia,1978,0
United Kingdom,Europe,1978,71100000
United States,Americas,1978,347000000
Uzbekistan,Asia,1978,NA
Venezuela,Americas,1978,78900
Vietnam,Asia,1978,2580000
Algeria,Africa,1979,72000
Argentina,Americas,1979,960000
Australia,Asia,1979,27100000
Austria,Europe,1979,3580000
Azerbaijan,Europe,1979,NA
Bangladesh,Asia,1979,93000
Belarus,Europe,1979,NA
Belgium,Europe,1979,10400000
Brazil,Americas,1979,5410000
Bulgaria,Europe,1979,8650000
Canada,Americas,1979,18200000
Chile,Americas,1979,987000
China,Asia,1979,293000000
Colombia,Americas,1979,2320000
Czech Republic,Europe,1979,39700000
Denmark,Europe,1979,4310000
Ecuador,Americas,1979,0
Egypt,Africa,1979,684000
Finland,Europe,1979,4060000
France,Europe,1979,31800000
Germany,Europe,1979,138000000
Greece,Europe,1979,3960000
Hungary,Europe,1979,8240000
India,Asia,1979,54000000
Indonesia,Asia,1979,200000
Iran,Asia,1979,1140000
Ireland,Europe,1979,1990000
Israel,Asia,1979,0
Italy,Europe,1979,10700000
Japan,Asia,1979,50100000
Kazakhstan,Asia,1979,NA
Kuwait,Asia,1979,0
Lithuania,Europe,1979,NA
Malaysia,Asia,1979,34000
Mexico,Americas,1979,2300000
Netherlands,Europe,1979,3440000
New Zealand,Asia,1979,1140000
Norway,Europe,1979,1050000
Pakistan,Asia,1979,661000
Peru,Americas,1979,135000
Philippines,Asia,1979,116000
Poland,Europe,1979,96000000
Portugal,Europe,1979,447000
Qatar,Asia,1979,0
Romania,Europe,1979,12100000
Russia,Europe,1979,NA
Saudi Arabia,Asia,1979,0
Singapore,Asia,1979,674
Slovak Republic,Europe,1979,7110000
South Africa,Africa,1979,39500000
South Korea,Asia,1979,11800000
Spain,Europe,1979,10800000
Sweden,Europe,1979,1790000
Switzerland,Europe,1979,233000
Thailand,Asia,1979,416000
Trinidad and Tobago,Americas,1979,0
Turkey,Europe,1979,6640000
Turkmenistan,Asia,1979,NA
Ukraine,Europe,1979,NA
United Arab Emirates,Asia,1979,0
United Kingdom,Europe,1979,76400000
United States,Americas,1979,379000000
Uzbekistan,Asia,1979,NA
Venezuela,Americas,1979,164000
Vietnam,Asia,1979,2670000
Algeria,Africa,1980,64000
Argentina,Americas,1980,934000
Australia,Asia,1980,27900000
Austria,Europe,1980,3680000
Azerbaijan,Europe,1980,NA
Bangladesh,Asia,1980,124000
Belarus,Europe,1980,NA
Belgium,Europe,1980,10500000
Brazil,Americas,1980,5900000
Bulgaria,Europe,1980,9070000
Canada,Americas,1980,22200000
Chile,Americas,1980,1090000
China,Asia,1980,304000000
Colombia,Americas,1980,2430000
Czech Republic,Europe,1980,38500000
Denmark,Europe,1980,6150000
Ecuador,Americas,1980,0
Egypt,Africa,1980,550000
Finland,Europe,1980,4610000
France,Europe,1980,31200000
Germany,Europe,1980,141000000
Greece,Europe,1980,3960000
Hungary,Europe,1980,8080000
India,Asia,1980,56700000
Indonesia,Asia,1980,253000
Iran,Asia,1980,1200000
Ireland,Europe,1980,1880000
Israel,Asia,1980,1000
Italy,Europe,1980,12600000
Japan,Asia,1980,58200000
Kazakhstan,Asia,1980,NA
Kuwait,Asia,1980,0
Lithuania,Europe,1980,NA
Malaysia,Asia,1980,50000
Mexico,Americas,1980,2320000
Netherlands,Europe,1980,3990000
New Zealand,Asia,1980,1170000
Norway,Europe,1980,976000
Pakistan,Asia,1980,704000
Peru,Americas,1980,142000
Philippines,Asia,1980,140000
Poland,Europe,1980,102000000
Portugal,Europe,1980,350000
Qatar,Asia,1980,0
Romania,Europe,1980,12400000
Russia,Europe,1980,NA
Saudi Arabia,Asia,1980,0
Singapore,Asia,1980,2980
Slovak Republic,Europe,1980,8100000
South Africa,Africa,1980,42700000
South Korea,Asia,1980,13200000
Spain,Europe,1980,12400000
Sweden,Europe,1980,1710000
Switzerland,Europe,1980,342000
Thailand,Asia,1980,450000
Trinidad and Tobago,Americas,1980,0
Turkey,Europe,1980,7030000
Turkmenistan,Asia,1980,NA
Ukraine,Europe,1980,NA
United Arab Emirates,Asia,1980,0
United Kingdom,Europe,1980,71100000
United States,Americas,1980,389000000
Uzbekistan,Asia,1980,NA
Venezuela,Americas,1980,157000
Vietnam,Asia,1980,2270000
Algeria,Africa,1981,45000
Argentina,Americas,1981,848000
Australia,Asia,1981,28600000
Austria,Europe,1981,3770000
Azerbaijan,Europe,1981,NA
Bangladesh,Asia,1981,128000
Belarus,Europe,1981,NA
Belgium,Europe,1981,10900000
Brazil,Americas,1981,5770000
Bulgaria,Europe,1981,9210000
Canada,Americas,1981,22600000
Chile,Americas,1981,1090000
China,Asia,1981,303000000
Colombia,Americas,1981,2480000
Czech Republic,Europe,1981,38300000
Denmark,Europe,1981,4910000
Ecuador,Americas,1981,0
Egypt,Africa,1981,709000
Finland,Europe,1981,2830000
France,Europe,1981,28400000
Germany,Europe,1981,144000000
Greece,Europe,1981,3920000
Hungary,Europe,1981,8120000
India,Asia,1981,63800000
Indonesia,Asia,1981,270000
Iran,Asia,1981,999000
Ireland,Europe,1981,1970000
Israel,Asia,1981,1000
Italy,Europe,1981,12900000
Japan,Asia,1981,65300000
Kazakhstan,Asia,1981,NA
Kuwait,Asia,1981,0
Lithuania,Europe,1981,NA
Malaysia,Asia,1981,93000
Mexico,Americas,1981,2050000
Netherlands,Europe,1981,4420000
New Zealand,Asia,1981,1170000
Norway,Europe,1981,978000
Pakistan,Asia,1981,799000
Peru,Americas,1981,144000
Philippines,Asia,1981,243000
Poland,Europe,1981,90600000
Portugal,Europe,1981,397000
Qatar,Asia,1981,0
Romania,Europe,1981,13000000
Russia,Europe,1981,NA
Saudi Arabia,Asia,1981,0
Singapore,Asia,1981,4610
Slovak Republic,Europe,1981,7880000
South Africa,Africa,1981,50600000
South Korea,Asia,1981,15200000
Spain,Europe,1981,15300000
Sweden,Europe,1981,1470000
Switzerland,Europe,1981,505000
Thailand,Asia,1981,501000
Trinidad and Tobago,Americas,1981,0
Turkey,Europe,1981,7180000
Turkmenistan,Asia,1981,NA
Ukraine,Europe,1981,NA
United Arab Emirates,Asia,1981,0
United Kingdom,Europe,1981,70700000
United States,Americas,1981,401000000
Uzbekistan,Asia,1981,NA
Venezuela,Americas,1981,155000
Vietnam,Asia,1981,2530000
Algeria,Africa,1982,835000
Argentina,Americas,1982,843000
Australia,Asia,1982,28900000
Austria,Europe,1982,3590000
Azerbaijan,Europe,1982,NA
Bangladesh,Asia,1982,155000
Belarus,Europe,1982,NA
Belgium,Europe,1982,10900000
Brazil,Americas,1982,6100000
Bulgaria,Europe,1982,9680000
Canada,Americas,1982,23900000
Chile,Americas,1982,725000
China,Asia,1982,320000000
Colombia,Americas,1982,2580000
Czech Republic,Europe,1982,38600000
Denmark,Europe,1982,5930000
Ecuador,Americas,1982,0
Egypt,Africa,1982,733000
Finland,Europe,1982,3140000
France,Europe,1982,29000000
Germany,Europe,1982,140000000
Greece,Europe,1982,3980000
Hungary,Europe,1982,8460000
India,Asia,1982,63100000
Indonesia,Asia,1982,255000
Iran,Asia,1982,1350000
Ireland,Europe,1982,2090000
Israel,Asia,1982,555000
Italy,Europe,1982,14400000
Japan,Asia,1982,62200000
Kazakhstan,Asia,1982,NA
Kuwait,Asia,1982,0
Lithuania,Europe,1982,NA
Malaysia,Asia,1982,85000
Mexico,Americas,1982,2460000
Netherlands,Europe,1982,5110000
New Zealand,Asia,1982,1140000
Norway,Europe,1982,940000
Pakistan,Asia,1982,906000
Peru,Americas,1982,163000
Philippines,Asia,1982,271000
Poland,Europe,1982,93800000
Portugal,Europe,1982,366000
Qatar,Asia,1982,0
Romania,Europe,1982,12400000
Russia,Europe,1982,NA
Saudi Arabia,Asia,1982,0
Singapore,Asia,1982,1630
Slovak Republic,Europe,1982,8020000
South Africa,Africa,1982,55500000
South Korea,Asia,1982,15400000
Spain,Europe,1982,17000000
Sweden,Europe,1982,1630000
Switzerland,Europe,1982,447000
Thailand,Asia,1982,653000
Trinidad and Tobago,Americas,1982,0
Turkey,Europe,1982,8060000
Turkmenistan,Asia,1982,NA
Ukraine,Europe,1982,NA
United Arab Emirates,Asia,1982,0
United Kingdom,Europe,1982,65900000
United States,Americas,1982,386000000
Uzbekistan,Asia,1982,NA
Venezuela,Americas,1982,88300
Vietnam,Asia,1982,2800000
Algeria,Africa,1983,745000
Argentina,Americas,1983,767000
Australia,Asia,1983,28900000
Austria,Europe,1983,3840000
Azerbaijan,Europe,1983,NA
Bangladesh,Asia,1983,87500
Belarus,Europe,1983,NA
Belgium,Europe,1983,9280000
Brazil,Americas,1983,6860000
Bulgaria,Europe,1983,9640000
Canada,Americas,1983,25000000
Chile,Americas,1983,869000
China,Asia,1983,343000000
Colombia,Americas,1983,2840000
Czech Republic,Europe,1983,38400000
Denmark,Europe,1983,5660000
Ecuador,Americas,1983,0
Egypt,Africa,1983,695000
Finland,Europe,1983,3410000
France,Europe,1983,26300000
Germany,Europe,1983,145000000
Greece,Europe,1983,4880000
Hungary,Europe,1983,7960000
India,Asia,1983,67000000
Indonesia,Asia,1983,255000
Iran,Asia,1983,1270000
Ireland,Europe,1983,2260000
Israel,Asia,1983,1050000
Italy,Europe,1983,13500000
Japan,Asia,1983,61400000
Kazakhstan,Asia,1983,NA
Kuwait,Asia,1983,0
Lithuania,Europe,1983,NA
Malaysia,Asia,1983,221000
Mexico,Americas,1983,2800000
Netherlands,Europe,1983,5280000
New Zealand,Asia,1983,1270000
Norway,Europe,1983,1000000
Pakistan,Asia,1983,1030000
Peru,Americas,1983,138000
Philippines,Asia,1983,493000
Poland,Europe,1983,93600000
Portugal,Europe,1983,400000
Qatar,Asia,1983,0
Romania,Europe,1983,14300000
Russia,Europe,1983,NA
Saudi Arabia,Asia,1983,0
Singapore,Asia,1983,3260
Slovak Republic,Europe,1983,8030000
South Africa,Africa,1983,56400000
South Korea,Asia,1983,16500000
Spain,Europe,1983,17900000
Sweden,Europe,1983,2050000
Switzerland,Europe,1983,390000
Thailand,Asia,1983,627000
Trinidad and Tobago,Americas,1983,0
Turkey,Europe,1983,8870000
Turkmenistan,Asia,1983,NA
Ukraine,Europe,1983,NA
United Arab Emirates,Asia,1983,0
United Kingdom,Europe,1983,66500000
United States,Americas,1983,401000000
Uzbekistan,Asia,1983,NA
Venezuela,Americas,1983,124000
Vietnam,Asia,1983,2820000
Algeria,Africa,1984,826000
Argentina,Americas,1984,516000
Australia,Asia,1984,30600000
Austria,Europe,1984,4380000
Azerbaijan,Europe,1984,NA
Bangladesh,Asia,1984,35000
Belarus,Europe,1984,NA
Belgium,Europe,1984,10800000
Brazil,Americas,1984,8480000
Bulgaria,Europe,1984,9660000
Canada,Americas,1984,27900000
Chile,Americas,1984,1170000
China,Asia,1984,373000000
Colombia,Americas,1984,2960000
Czech Republic,Europe,1984,39100000
Denmark,Europe,1984,5970000
Ecuador,Americas,1984,0
Egypt,Africa,1984,705000
Finland,Europe,1984,3930000
France,Europe,1984,25100000
Germany,Europe,1984,150000000
Greece,Europe,1984,5210000
Hungary,Europe,1984,7740000
India,Asia,1984,70400000
Indonesia,Asia,1984,267000
Iran,Asia,1984,983000
Ireland,Europe,1984,2170000
Israel,Asia,1984,1690000
Italy,Europe,1984,15300000
Japan,Asia,1984,68600000
Kazakhstan,Asia,1984,NA
Kuwait,Asia,1984,0
Lithuania,Europe,1984,NA
Malaysia,Asia,1984,239000
Mexico,Americas,1984,2810000
Netherlands,Europe,1984,6380000
New Zealand,Asia,1984,1180000
Norway,Europe,1984,1120000
Pakistan,Asia,1984,1170000
Peru,Americas,1984,110000
Philippines,Asia,1984,789000
Poland,Europe,1984,97600000
Portugal,Europe,1984,495000
Qatar,Asia,1984,0
Romania,Europe,1984,14300000
Russia,Europe,1984,NA
Saudi Arabia,Asia,1984,0
Singapore,Asia,1984,5000
Slovak Republic,Europe,1984,8540000
South Africa,Africa,1984,60800000
South Korea,Asia,1984,19900000
Spain,Europe,1984,18200000
Sweden,Europe,1984,2470000
Switzerland,Europe,1984,501000
Thailand,Asia,1984,789000
Trinidad and Tobago,Americas,1984,0
Turkey,Europe,1984,9970000
Turkmenistan,Asia,1984,NA
Ukraine,Europe,1984,NA
United Arab Emirates,Asia,1984,0
United Kingdom,Europe,1984,47300000
United States,Americas,1984,430000000
Uzbekistan,Asia,1984,NA
Venezuela,Americas,1984,135000
Vietnam,Asia,1984,2820000
Algeria,Africa,1985,862000
Argentina,Americas,1985,601000
Australia,Asia,1985,31700000
Austria,Europe,1985,4370000
Azerbaijan,Europe,1985,92000
Bangladesh,Asia,1985,49000
Belarus,Europe,1985,2160000
Belgium,Europe,1985,10700000
Brazil,Americas,1985,10000000
Bulgaria,Europe,1985,10100000
Canada,Americas,1985,26800000
Chile,Americas,1985,1170000
China,Asia,1985,407000000
Colombia,Americas,1985,3050000
Czech Republic,Europe,1985,38200000
Denmark,Europe,1985,7270000
Ecuador,Americas,1985,0
Egypt,Africa,1985,745000
Finland,Europe,1985,4990000
France,Europe,1985,24400000
Germany,Europe,1985,149000000
Greece,Europe,1985,6040000
Hungary,Europe,1985,7600000
India,Asia,1985,73700000
Indonesia,Asia,1985,900000
Iran,Asia,1985,967000
Ireland,Europe,1985,2490000
Israel,Asia,1985,1850000
Italy,Europe,1985,15100000
Japan,Asia,1985,71600000
Kazakhstan,Asia,1985,38100000
Kuwait,Asia,1985,0
Lithuania,Europe,1985,813000
Malaysia,Asia,1985,319000
Mexico,Americas,1985,3050000
Netherlands,Europe,1985,6350000
New Zealand,Asia,1985,1090000
Norway,Europe,1985,1120000
Pakistan,Asia,1985,1320000
Peru,Americas,1985,120000
Philippines,Asia,1985,1120000
Poland,Europe,1985,99900000
Portugal,Europe,1985,769000
Qatar,Asia,1985,0
Romania,Europe,1985,14900000
Russia,Europe,1985,198000000
Saudi Arabia,Asia,1985,0
Singapore,Asia,1985,11300
Slovak Republic,Europe,1985,8480000
South Africa,Africa,1985,62400000
South Korea,Asia,1985,22000000
Spain,Europe,1985,18000000
Sweden,Europe,1985,2910000
Switzerland,Europe,1985,503000
Thailand,Asia,1985,1590000
Trinidad and Tobago,Americas,1985,0
Turkey,Europe,1985,11900000
Turkmenistan,Asia,1985,322000
Ukraine,Europe,1985,77000000
United Arab Emirates,Asia,1985,0
United Kingdom,Europe,1985,62900000
United States,Americas,1985,440000000
Uzbekistan,Asia,1985,2750000
Venezuela,Americas,1985,179000
Vietnam,Asia,1985,2800000
Algeria,Africa,1986,885000
Argentina,Americas,1986,895000
Australia,Asia,1986,32500000
Austria,Europe,1986,3900000
Azerbaijan,Europe,1986,92000
Bangladesh,Asia,1986,74000
Belarus,Europe,1986,2360000
Belgium,Europe,1986,9160000
Brazil,Americas,1986,10100000
Bulgaria,Europe,1986,10400000
Canada,Americas,1986,24800000
Chile,Americas,1986,1110000
China,Asia,1986,426000000
Colombia,Americas,1986,3020000
Czech Republic,Europe,1986,38100000
Denmark,Europe,1986,7360000
Ecuador,Americas,1986,0
Egypt,Africa,1986,749000
Finland,Europe,1986,4560000
France,Europe,1986,20200000
Germany,Europe,1986,141000000
Greece,Europe,1986,5770000
Hungary,Europe,1986,7520000
India,Asia,1986,79200000
Indonesia,Asia,1986,1450000
Iran,Asia,1986,952000
Ireland,Europe,1986,2740000
Israel,Asia,1986,2050000
Italy,Europe,1986,14800000
Japan,Asia,1986,68200000
Kazakhstan,Asia,1986,40100000
Kuwait,Asia,1986,0
Lithuania,Europe,1986,946000
Malaysia,Asia,1986,237000
Mexico,Americas,1986,3360000
Netherlands,Europe,1986,6540000
New Zealand,Asia,1986,1250000
Norway,Europe,1986,997000
Pakistan,Asia,1986,1500000
Peru,Americas,1986,163000
Philippines,Asia,1986,880000
Poland,Europe,1986,102000000
Portugal,Europe,1986,1450000
Qatar,Asia,1986,0
Romania,Europe,1986,15100000
Russia,Europe,1986,203000000
Saudi Arabia,Asia,1986,0
Singapore,Asia,1986,7020
Slovak Republic,Europe,1986,7830000
South Africa,Africa,1986,63300000
South Korea,Asia,1986,23300000
Spain,Europe,1986,18600000
Sweden,Europe,1986,3100000
Switzerland,Europe,1986,433000
Thailand,Asia,1986,1560000
Trinidad and Tobago,Americas,1986,0
Turkey,Europe,1986,13100000
Turkmenistan,Asia,1986,322000
Ukraine,Europe,1986,76500000
United Arab Emirates,Asia,1986,0
United Kingdom,Europe,1986,67900000
United States,Americas,1986,435000000
Uzbekistan,Asia,1986,3450000
Venezuela,Americas,1986,199000
Vietnam,Asia,1986,3090000
Algeria,Africa,1987,1060000
Argentina,Americas,1987,993000
Australia,Asia,1987,33800000
Austria,Europe,1987,3860000
Azerbaijan,Europe,1987,92000
Bangladesh,Asia,1987,116000
Belarus,Europe,1987,2300000
Belgium,Europe,1987,9110000
Brazil,Americas,1987,10600000
Bulgaria,Europe,1987,10400000
Canada,Americas,1987,26700000
Chile,Americas,1987,1150000
China,Asia,1987,462000000
Colombia,Americas,1987,3790000
Czech Republic,Europe,1987,37600000
Denmark,Europe,1987,7220000
Ecuador,Americas,1987,0
Egypt,Africa,1987,792000
Finland,Europe,1987,5110000
France,Europe,1987,18400000
Germany,Europe,1987,140000000
Greece,Europe,1987,6590000
Hungary,Europe,1987,7510000
India,Asia,1987,87000000
Indonesia,Asia,1987,2270000
Iran,Asia,1987,937000
Ireland,Europe,1987,3520000
Israel,Asia,1987,2180000
Italy,Europe,1987,14700000
Japan,Asia,1987,69600000
Kazakhstan,Asia,1987,41600000
Kuwait,Asia,1987,0
Lithuania,Europe,1987,932000
Malaysia,Asia,1987,327000
Mexico,Americas,1987,3250000
Netherlands,Europe,1987,6900000
New Zealand,Asia,1987,1040000
Norway,Europe,1987,963000
Pakistan,Asia,1987,1700000
Peru,Americas,1987,184000
Philippines,Asia,1987,936000
Poland,Europe,1987,106000000
Portugal,Europe,1987,1890000
Qatar,Asia,1987,0
Romania,Europe,1987,16200000
Russia,Europe,1987,207000000
Saudi Arabia,Asia,1987,0
Singapore,Asia,1987,11700
Slovak Republic,Europe,1987,8220000
South Africa,Africa,1987,64400000
South Korea,Asia,1987,23600000
Spain,Europe,1987,18100000
Sweden,Europe,1987,3060000
Switzerland,Europe,1987,403000
Thailand,Asia,1987,2250000
Trinidad and Tobago,Americas,1987,0
Turkey,Europe,1987,13900000
Turkmenistan,Asia,1987,322000
Ukraine,Europe,1987,75800000
United Arab Emirates,Asia,1987,0
United Kingdom,Europe,1987,69600000
United States,Americas,1987,454000000
Uzbekistan,Asia,1987,3760000
Venezuela,Americas,1987,261000
Vietnam,Asia,1987,3440000
Algeria,Africa,1988,995000
Argentina,Americas,1988,1030000
Australia,Asia,1988,35600000
Austria,Europe,1988,3700000
Azerbaijan,Europe,1988,92000
Bangladesh,Asia,1988,120000
Belarus,Europe,1988,2460000
Belgium,Europe,1988,9210000
Brazil,Americas,1988,10900000
Bulgaria,Europe,1988,9640000
Canada,Americas,1988,28700000
Chile,Americas,1988,1600000
China,Asia,1988,496000000
Colombia,Americas,1988,3020000
Czech Republic,Europe,1988,38100000
Denmark,Europe,1988,6760000
Ecuador,Americas,1988,0
Egypt,Africa,1988,866000
Finland,Europe,1988,5110000
France,Europe,1988,17900000
Germany,Europe,1988,139000000
Greece,Europe,1988,7390000
Hungary,Europe,1988,7090000
India,Asia,1988,93300000
Indonesia,Asia,1988,2370000
Iran,Asia,1988,967000
Ireland,Europe,1988,3580000
Israel,Asia,1988,2090000
Italy,Europe,1988,13800000
Japan,Asia,1988,75200000
Kazakhstan,Asia,1988,43400000
Kuwait,Asia,1988,0
Lithuania,Europe,1988,939000
Malaysia,Asia,1988,260000
Mexico,Americas,1988,3070000
Netherlands,Europe,1988,8260000
New Zealand,Asia,1988,1130000
Norway,Europe,1988,989000
Pakistan,Asia,1988,1780000
Peru,Americas,1988,181000
Philippines,Asia,1988,1180000
Poland,Europe,1988,103000000
Portugal,Europe,1988,2180000
Qatar,Asia,1988,0
Romania,Europe,1988,17500000
Russia,Europe,1988,204000000
Saudi Arabia,Asia,1988,0
Singapore,Asia,1988,13800
Slovak Republic,Europe,1988,8570000
South Africa,Africa,1988,69600000
South Korea,Asia,1988,25200000
Spain,Europe,1988,15700000
Sweden,Europe,1988,3010000
Switzerland,Europe,1988,344000
Thailand,Asia,1988,2310000
Trinidad and Tobago,Americas,1988,0
Turkey,Europe,1988,13400000
Turkmenistan,Asia,1988,276000
Ukraine,Europe,1988,71500000
United Arab Emirates,Asia,1988,0
United Kingdom,Europe,1988,67500000
United States,Americas,1988,475000000
Uzbekistan,Asia,1988,2630000
Venezuela,Americas,1988,190000
Vietnam,Asia,1988,3230000
Algeria,Africa,1989,841000
Argentina,Americas,1989,1030000
Australia,Asia,1989,37300000
Austria,Europe,1989,3720000
Azerbaijan,Europe,1989,92000
Bangladesh,Asia,1989,125000
Belarus,Europe,1989,2420000
Belgium,Europe,1989,9680000
Brazil,Americas,1989,10800000
Bulgaria,Europe,1989,9840000
Canada,Americas,1989,28600000
Chile,Americas,1989,2160000
China,Asia,1989,520000000
Colombia,Americas,1989,3500000
Czech Republic,Europe,1989,36600000
Denmark,Europe,1989,5550000
Ecuador,Americas,1989,0
Egypt,Africa,1989,886000
Finland,Europe,1989,5000000
France,Europe,1989,19500000
Germany,Europe,1989,141000000
Greece,Europe,1989,7950000
Hungary,Europe,1989,6350000
India,Asia,1989,101000000
Indonesia,Asia,1989,3550000
Iran,Asia,1989,710000
Ireland,Europe,1989,3590000
Israel,Asia,1989,2260000
Italy,Europe,1989,14400000
Japan,Asia,1989,75300000
Kazakhstan,Asia,1989,41400000
Kuwait,Asia,1989,0
Lithuania,Europe,1989,878000
Malaysia,Asia,1989,1200000
Mexico,Americas,1989,3400000
Netherlands,Europe,1989,8190000
New Zealand,Asia,1989,1230000
Norway,Europe,1989,866000
Pakistan,Asia,1989,1950000
Peru,Americas,1989,201000
Philippines,Asia,1989,936000
Poland,Europe,1989,98600000
Portugal,Europe,1989,2430000
Qatar,Asia,1989,0
Romania,Europe,1989,17500000
Russia,Europe,1989,197000000
Saudi Arabia,Asia,1989,0
Singapore,Asia,1989,12400
Slovak Republic,Europe,1989,8270000
South Africa,Africa,1989,65000000
South Korea,Asia,1989,24500000
Spain,Europe,1989,19300000
Sweden,Europe,1989,2840000
Switzerland,Europe,1989,356000
Thailand,Asia,1989,2820000
Trinidad and Tobago,Americas,1989,0
Turkey,Europe,1989,15100000
Turkmenistan,Asia,1989,322000
Ukraine,Europe,1989,65200000
United Arab Emirates,Asia,1989,0
United Kingdom,Europe,1989,65000000
United States,Americas,1989,481000000
Uzbekistan,Asia,1989,3280000
Venezuela,Americas,1989,522000
Vietnam,Asia,1989,2590000
Algeria,Africa,1990,659000
Argentina,Americas,1990,939000
Australia,Asia,1990,38200000
Austria,Europe,1990,4100000
Azerbaijan,Europe,1990,89000
Bangladesh,Asia,1990,281000
Belarus,Europe,1990,2120000
Belgium,Europe,1990,10600000
Brazil,Americas,1990,9600000
Bulgaria,Europe,1990,8720000
Canada,Americas,1990,27100000
Chile,Americas,1990,2600000
China,Asia,1990,527000000
Colombia,Americas,1990,1600000
Czech Republic,Europe,1990,31500000
Denmark,Europe,1990,6090000
Ecuador,Americas,1990,0
Egypt,Africa,1990,759000
Finland,Europe,1990,5270000
France,Europe,1990,19000000
Germany,Europe,1990,132000000
Greece,Europe,1990,8070000
Hungary,Europe,1990,6230000
India,Asia,1990,110000000
Indonesia,Asia,1990,3420000
Iran,Asia,1990,710000
Ireland,Europe,1990,3460000
Israel,Asia,1990,2370000
Italy,Europe,1990,14100000
Japan,Asia,1990,78000000
Kazakhstan,Asia,1990,38700000
Kuwait,Asia,1990,0
Lithuania,Europe,1990,797000
Malaysia,Asia,1990,1330000
Mexico,Americas,1990,3370000
Netherlands,Europe,1990,8740000
New Zealand,Asia,1990,1200000
Norway,Europe,1990,811000
Pakistan,Asia,1990,2070000
Peru,Americas,1990,145000
Philippines,Asia,1990,1070000
Poland,Europe,1990,78400000
Portugal,Europe,1990,2850000
Qatar,Asia,1990,0
Romania,Europe,1990,12700000
Russia,Europe,1990,182000000
Saudi Arabia,Asia,1990,0
Singapore,Asia,1990,21400
Slovak Republic,Europe,1990,7820000
South Africa,Africa,1990,67300000
South Korea,Asia,1990,24400000
Spain,Europe,1990,19200000
Sweden,Europe,1990,2970000
Switzerland,Europe,1990,356000
Thailand,Asia,1990,3900000
Trinidad and Tobago,Americas,1990,0
Turkey,Europe,1990,16000000
Turkmenistan,Asia,1990,368000
Ukraine,Europe,1990,75100000
United Arab Emirates,Asia,1990,0
United Kingdom,Europe,1990,64900000
United States,Americas,1990,483000000
Uzbekistan,Asia,1990,3270000
Venezuela,Americas,1990,463000
Vietnam,Asia,1990,2220000
Algeria,Africa,1991,680000
Argentina,Americas,1991,734000
Australia,Asia,1991,39000000
Austria,Europe,1991,4300000
Azerbaijan,Europe,1991,67000
Bangladesh,Asia,1991,90000
Belarus,Europe,1991,2020000
Belgium,Europe,1991,10100000
Brazil,Americas,1991,11000000
Bulgaria,Europe,1991,7700000
Canada,Americas,1991,26300000
Chile,Americas,1991,2140000
China,Asia,1991,553000000
Colombia,Americas,1991,2010000
Czech Republic,Europe,1991,28900000
Denmark,Europe,1991,8260000
Ecuador,Americas,1991,0
Egypt,Africa,1991,781000
Finland,Europe,1991,5260000
France,Europe,1991,20200000
Germany,Europe,1991,116000000
Greece,Europe,1991,7770000
Hungary,Europe,1991,6050000
India,Asia,1991,117000000
Indonesia,Asia,1991,3460000
Iran,Asia,1991,1010000
Ireland,Europe,1991,3320000
Israel,Asia,1991,2570000
Italy,Europe,1991,13800000
Japan,Asia,1991,77400000
Kazakhstan,Asia,1991,37800000
Kuwait,Asia,1991,0
Lithuania,Europe,1991,890000
Malaysia,Asia,1991,1560000
Mexico,Americas,1991,3260000
Netherlands,Europe,1991,8050000
New Zealand,Asia,1991,1140000
Norway,Europe,1991,722000
Pakistan,Asia,1991,2050000
Peru,Americas,1991,281000
Philippines,Asia,1991,1200000
Poland,Europe,1991,77700000
Portugal,Europe,1991,2980000
Qatar,Asia,1991,0
Romania,Europe,1991,10200000
Russia,Europe,1991,167000000
Saudi Arabia,Asia,1991,0
Singapore,Asia,1991,12700
Slovak Republic,Europe,1991,6960000
South Africa,Africa,1991,66100000
South Korea,Asia,1991,24500000
Spain,Europe,1991,20000000
Sweden,Europe,1991,2720000
Switzerland,Europe,1991,302000
Thailand,Asia,1991,4570000
Trinidad and Tobago,Americas,1991,0
Turkey,Europe,1991,17100000
Turkmenistan,Asia,1991,322000
Ukraine,Europe,1991,62500000
United Arab Emirates,Asia,1991,0
United Kingdom,Europe,1991,65100000
United States,Americas,1991,479000000
Uzbekistan,Asia,1991,3120000
Venezuela,Americas,1991,0
Vietnam,Asia,1991,2150000
Algeria,Africa,1992,808000
Argentina,Americas,1992,650000
Australia,Asia,1992,39200000
Austria,Europe,1992,3340000
Azerbaijan,Europe,1992,12000
Bangladesh,Asia,1992,84500
Belarus,Europe,1992,1680000
Belgium,Europe,1992,9210000
Brazil,Americas,1992,10700000
Bulgaria,Europe,1992,7560000
Canada,Americas,1992,26800000
Chile,Americas,1992,1850000
China,Asia,1992,579000000
Colombia,Americas,1992,3360000
Czech Republic,Europe,1992,25800000
Denmark,Europe,1992,6880000
Ecuador,Americas,1992,0
Egypt,Africa,1992,800000
Finland,Europe,1992,4790000
France,Europe,1992,17800000
Germany,Europe,1992,104000000
Greece,Europe,1992,8170000
Hungary,Europe,1992,5230000
India,Asia,1992,124000000
Indonesia,Asia,1992,4230000
Iran,Asia,1992,893000
Ireland,Europe,1992,3160000
Israel,Asia,1992,3160000
Italy,Europe,1992,12200000
Japan,Asia,1992,76100000
Kazakhstan,Asia,1992,38100000
Kuwait,Asia,1992,0
Lithuania,Europe,1992,417000
Malaysia,Asia,1992,1640000
Mexico,Americas,1992,3300000
Netherlands,Europe,1992,8030000
New Zealand,Asia,1992,1260000
Norway,Europe,1992,726000
Pakistan,Asia,1992,2100000
Peru,Americas,1992,275000
Philippines,Asia,1992,1200000
Poland,Europe,1992,75100000
Portugal,Europe,1992,3020000
Qatar,Asia,1992,0
Romania,Europe,1992,10800000
Russia,Europe,1992,157000000
Saudi Arabia,Asia,1992,0
Singapore,Asia,1992,18500
Slovak Republic,Europe,1992,6160000
South Africa,Africa,1992,66400000
South Korea,Asia,1992,23600000
Spain,Europe,1992,20400000
Sweden,Europe,1992,2560000
Switzerland,Europe,1992,209000
Thailand,Asia,1992,4890000
Trinidad and Tobago,Americas,1992,0
Turkey,Europe,1992,17100000
Turkmenistan,Asia,1992,138000
Ukraine,Europe,1992,64300000
United Arab Emirates,Asia,1992,0
United Kingdom,Europe,1992,61200000
United States,Americas,1992,482000000
Uzbekistan,Asia,1992,2020000
Venezuela,Americas,1992,3650
Vietnam,Asia,1992,2150000
Algeria,Africa,1993,658000
Argentina,Americas,1993,769000
Australia,Asia,1993,39500000
Austria,Europe,1993,3010000
Azerbaijan,Europe,1993,3000
Bangladesh,Asia,1993,31500
Belarus,Europe,1993,1440000
Belgium,Europe,1993,8490000
Brazil,Americas,1993,11000000
Bulgaria,Europe,1993,8140000
Canada,Americas,1993,23800000
Chile,Americas,1993,1870000
China,Asia,1993,617000000
Colombia,Americas,1993,3520000
Czech Republic,Europe,1993,24600000
Denmark,Europe,1993,7220000
Ecuador,Americas,1993,0
Egypt,Africa,1993,964000
Finland,Europe,1993,5480000
France,Europe,1993,14600000
Germany,Europe,1993,98500000
Greece,Europe,1993,8170000
Hungary,Europe,1993,4860000
India,Asia,1993,128000000
Indonesia,Asia,1993,4930000
Iran,Asia,1993,1100000
Ireland,Europe,1993,3070000
Israel,Asia,1993,3570000
Italy,Europe,1993,10600000
Japan,Asia,1993,77600000
Kazakhstan,Asia,1993,34600000
Kuwait,Asia,1993,0
Lithuania,Europe,1993,370000
Malaysia,Asia,1993,1370000
Mexico,Americas,1993,3720000
Netherlands,Europe,1993,8100000
New Zealand,Asia,1993,1240000
Norway,Europe,1993,785000
Pakistan,Asia,1993,2210000
Peru,Americas,1993,289000
Philippines,Asia,1993,1220000
Poland,Europe,1993,74200000
Portugal,Europe,1993,3290000
Qatar,Asia,1993,0
Romania,Europe,1993,10100000
Russia,Europe,1993,142000000
Saudi Arabia,Asia,1993,0
Singapore,Asia,1993,20500
Slovak Republic,Europe,1993,6120000
South Africa,Africa,1993,66600000
South Korea,Asia,1993,25900000
Spain,Europe,1993,18400000
Sweden,Europe,1993,2720000
Switzerland,Europe,1993,175000
Thailand,Asia,1993,5440000
Trinidad and Tobago,Americas,1993,0
Turkey,Europe,1993,15800000
Turkmenistan,Asia,1993,0
Ukraine,Europe,1993,56500000
United Arab Emirates,Asia,1993,0
United Kingdom,Europe,1993,53300000
United States,Americas,1993,500000000
Uzbekistan,Asia,1993,1380000
Venezuela,Americas,1993,28500
Vietnam,Asia,1993,2080000
Algeria,Africa,1994,620000
Argentina,Americas,1994,1080000
Australia,Asia,1994,40300000
Austria,Europe,1994,3050000
Azerbaijan,Europe,1994,4000
Bangladesh,Asia,1994,29500
Belarus,Europe,1994,1010000
Belgium,Europe,1994,8970000
Brazil,Americas,1994,11300000
Bulgaria,Europe,1994,7570000
Canada,Americas,1994,25200000
Chile,Americas,1994,2200000
China,Asia,1994,657000000
Colombia,Americas,1994,4030000
Czech Republic,Europe,1994,22800000
Denmark,Europe,1994,7760000
Ecuador,Americas,1994,0
Egypt,Africa,1994,1040000
Finland,Europe,1994,6670000
France,Europe,1994,14300000
Germany,Europe,1994,95600000
Greece,Europe,1994,8480000
Hungary,Europe,1994,4730000
India,Asia,1994,132000000
Indonesia,Asia,1994,4930000
Iran,Asia,1994,1100000
Ireland,Europe,1994,2940000
Israel,Asia,1994,3780000
Italy,Europe,1994,11400000
Japan,Asia,1994,81300000
Kazakhstan,Asia,1994,33800000
Kuwait,Asia,1994,0
Lithuania,Europe,1994,307000
Malaysia,Asia,1994,1520000
Mexico,Americas,1994,4500000
Netherlands,Europe,1994,8620000
New Zealand,Asia,1994,1170000
Norway,Europe,1994,885000
Pakistan,Asia,1994,2190000
Peru,Americas,1994,356000
Philippines,Asia,1994,1170000
Poland,Europe,1994,69100000
Portugal,Europe,1994,3430000
Qatar,Asia,1994,0
Romania,Europe,1994,10400000
Russia,Europe,1994,124000000
Saudi Arabia,Asia,1994,0
Singapore,Asia,1994,24500
Slovak Republic,Europe,1994,5460000
South Africa,Africa,1994,68800000
South Korea,Asia,1994,26700000
Spain,Europe,1994,18900000
Sweden,Europe,1994,2940000
Switzerland,Europe,1994,177000
Thailand,Asia,1994,6300000
Trinidad and Tobago,Americas,1994,0
Turkey,Europe,1994,15800000
Turkmenistan,Asia,1994,5000
Ukraine,Europe,1994,46600000
United Arab Emirates,Asia,1994,0
United Kingdom,Europe,1994,49700000
United States,Americas,1994,502000000
Uzbekistan,Asia,1994,1410000
Venezuela,Americas,1994,55500
Vietnam,Asia,1994,2300000
Algeria,Africa,1995,620000
Argentina,Americas,1995,971000
Australia,Asia,1995,41600000
Austria,Europe,1995,3470000
Azerbaijan,Europe,1995,3000
Bangladesh,Asia,1995,321000
Belarus,Europe,1995,952000
Belgium,Europe,1995,8650000
Brazil,Americas,1995,11800000
Bulgaria,Europe,1995,7620000
Canada,Americas,1995,26300000
Chile,Americas,1995,2370000
China,Asia,1995,665000000
Colombia,Americas,1995,3610000
Czech Republic,Europe,1995,22700000
Denmark,Europe,1995,6490000
Ecuador,Americas,1995,0
Egypt,Africa,1995,694000
Finland,Europe,1995,5900000
France,Europe,1995,14700000
Germany,Europe,1995,90600000
Greece,Europe,1995,8390000
Hungary,Europe,1995,4620000
India,Asia,1995,140000000
Indonesia,Asia,1995,5420000
Iran,Asia,1995,1030000
Ireland,Europe,1995,2960000
Israel,Asia,1995,4130000
Italy,Europe,1995,12300000
Japan,Asia,1995,84300000
Kazakhstan,Asia,1995,27300000
Kuwait,Asia,1995,0
Lithuania,Europe,1995,245000
Malaysia,Asia,1995,1670000
Mexico,Americas,1995,5010000
Netherlands,Europe,1995,8910000
New Zealand,Asia,1995,1210000
Norway,Europe,1995,966000
Pakistan,Asia,1995,2210000
Peru,Americas,1995,374000
Philippines,Asia,1995,1410000
Poland,Europe,1995,70300000
Portugal,Europe,1995,4200000
Qatar,Asia,1995,0
Romania,Europe,1995,10800000
Russia,Europe,1995,119000000
Saudi Arabia,Asia,1995,0
Singapore,Asia,1995,11400
Slovak Republic,Europe,1995,5390000
South Africa,Africa,1995,71300000
South Korea,Asia,1995,28100000
Spain,Europe,1995,19000000
Sweden,Europe,1995,2880000
Switzerland,Europe,1995,190000
Thailand,Asia,1995,7180000
Trinidad and Tobago,Americas,1995,0
Turkey,Europe,1995,16500000
Turkmenistan,Asia,1995,5000
Ukraine,Europe,1995,42400000
United Arab Emirates,Asia,1995,0
United Kingdom,Europe,1995,47500000
United States,Americas,1995,506000000
Uzbekistan,Asia,1995,851000
Venezuela,Americas,1995,5110
Vietnam,Asia,1995,3100000
Algeria,Africa,1996,292000
Argentina,Americas,1996,913000
Australia,Asia,1996,43300000
Austria,Europe,1996,3480000
Azerbaijan,Europe,1996,3000
Bangladesh,Asia,1996,176000
Belarus,Europe,1996,1160000
Belgium,Europe,1996,8260000
Brazil,Americas,1996,12200000
Bulgaria,Europe,1996,7730000
Canada,Americas,1996,26900000
Chile,Americas,1996,3290000
China,Asia,1996,696000000
Colombia,Americas,1996,2800000
Czech Republic,Europe,1996,22600000
Denmark,Europe,1996,8920000
Ecuador,Americas,1996,0
Egypt,Africa,1996,954000
Finland,Europe,1996,7030000
France,Europe,1996,15600000
Germany,Europe,1996,90200000
Greece,Europe,1996,7950000
Hungary,Europe,1996,4740000
India,Asia,1996,144000000
Indonesia,Asia,1996,6470000
Iran,Asia,1996,1080000
Ireland,Europe,1996,2980000
Israel,Asia,1996,5010000
Italy,Europe,1996,11200000
Japan,Asia,1996,86500000
Kazakhstan,Asia,1996,24400000
Kuwait,Asia,1996,0
Lithuania,Europe,1996,226000
Malaysia,Asia,1996,1680000
Mexico,Americas,1996,5740000
Netherlands,Europe,1996,8600000
New Zealand,Asia,1996,1180000
Norway,Europe,1996,960000
Pakistan,Asia,1996,2240000
Peru,Americas,1996,392000
Philippines,Asia,1996,1970000
Poland,Europe,1996,72000000
Portugal,Europe,1996,3920000
Qatar,Asia,1996,0
Romania,Europe,1996,10700000
Russia,Europe,1996,117000000
Saudi Arabia,Asia,1996,0
Singapore,Asia,1996,284
Slovak Republic,Europe,1996,5340000
South Africa,Africa,1996,72400000
South Korea,Asia,1996,32200000
Spain,Europe,1996,16000000
Sweden,Europe,1996,3030000
Switzerland,Europe,1996,142000
Thailand,Asia,1996,8740000
Trinidad and Tobago,Americas,1996,0
Turkey,Europe,1996,18600000
Turkmenistan,Asia,1996,46000
Ukraine,Europe,1996,33400000
United Arab Emirates,Asia,1996,0
United Kingdom,Europe,1996,44400000
United States,Americas,1996,529000000
Uzbekistan,Asia,1996,791000
Venezuela,Americas,1996,16100
Vietnam,Asia,1996,3460000
Algeria,Africa,1997,512000
Argentina,Americas,1997,846000
Australia,Asia,1997,45500000
Austria,Europe,1997,3690000
Azerbaijan,Europe,1997,3000
Bangladesh,Asia,1997,323000
Belarus,Europe,1997,1220000
Belgium,Europe,1997,7980000
Brazil,Americas,1997,12300000
Bulgaria,Europe,1997,7840000
Canada,Americas,1997,28100000
Chile,Americas,1997,4280000
China,Asia,1997,682000000
Colombia,Americas,1997,3310000
Czech Republic,Europe,1997,23200000
Denmark,Europe,1997,6630000
Ecuador,Americas,1997,0
Egypt,Africa,1997,808000
Finland,Europe,1997,6660000
France,Europe,1997,13700000
Germany,Europe,1997,87400000
Greece,Europe,1997,8540000
Hungary,Europe,1997,4600000
India,Asia,1997,151000000
Indonesia,Asia,1997,7980000
Iran,Asia,1997,1110000
Ireland,Europe,1997,2840000
Israel,Asia,1997,5440000
Italy,Europe,1997,11300000
Japan,Asia,1997,88800000
Kazakhstan,Asia,1997,20900000
Kuwait,Asia,1997,0
Lithuania,Europe,1997,182000
Malaysia,Asia,1997,1620000
Mexico,Americas,1997,5750000
Netherlands,Europe,1997,8360000
New Zealand,Asia,1997,1260000
Norway,Europe,1997,953000
Pakistan,Asia,1997,2090000
Peru,Americas,1997,408000
Philippines,Asia,1997,2440000
Poland,Europe,1997,70200000
Portugal,Europe,1997,3570000
Qatar,Asia,1997,0
Romania,Europe,1997,9720000
Russia,Europe,1997,108000000
Saudi Arabia,Asia,1997,0
Singapore,Asia,1997,0
Slovak Republic,Europe,1997,5090000
South Africa,Africa,1997,74000000
South Korea,Asia,1997,34800000
Spain,Europe,1997,18400000
Sweden,Europe,1997,2620000
Switzerland,Europe,1997,110000
Thailand,Asia,1997,9010000
Trinidad and Tobago,Americas,1997,0
Turkey,Europe,1997,20800000
Turkmenistan,Asia,1997,0
Ukraine,Europe,1997,38200000
United Arab Emirates,Asia,1997,0
United Kingdom,Europe,1997,39600000
United States,Americas,1997,540000000
Uzbekistan,Asia,1997,822000
Venezuela,Americas,1997,34300
Vietnam,Asia,1997,4440000
Algeria,Africa,1998,548000
Argentina,Americas,1998,731000
Australia,Asia,1998,47600000
Austria,Europe,1998,3250000
Azerbaijan,Europe,1998,0
Bangladesh,Asia,1998,93000
Belarus,Europe,1998,1080000
Belgium,Europe,1998,8050000
Brazil,Americas,1998,12000000
Bulgaria,Europe,1998,7500000
Canada,Americas,1998,30100000
Chile,Americas,1998,4030000
China,Asia,1998,677000000
Colombia,Americas,1998,3150000
Czech Republic,Europe,1998,21300000
Denmark,Europe,1998,5630000
Ecuador,Americas,1998,0
Egypt,Africa,1998,795000
Finland,Europe,1998,5460000
France,Europe,1998,16300000
Germany,Europe,1998,85300000
Greece,Europe,1998,8920000
Hungary,Europe,1998,4280000
India,Asia,1998,156000000
Indonesia,Asia,1998,8560000
Iran,Asia,1998,1290000
Ireland,Europe,1998,2860000
Israel,Asia,1998,5840000
Italy,Europe,1998,11800000
Japan,Asia,1998,84700000
Kazakhstan,Asia,1998,20600000
Kuwait,Asia,1998,0
Lithuania,Europe,1998,159000
Malaysia,Asia,1998,1730000
Mexico,Americas,1998,5880000
Netherlands,Europe,1998,8530000
New Zealand,Asia,1998,1150000
Norway,Europe,1998,1030000
Pakistan,Asia,1998,2100000
Peru,Americas,1998,447000
Philippines,Asia,1998,2470000
Poland,Europe,1998,63300000
Portugal,Europe,1998,3560000
Qatar,Asia,1998,0
Romania,Europe,1998,8060000
Russia,Europe,1998,101000000
Saudi Arabia,Asia,1998,0
Singapore,Asia,1998,0
Slovak Republic,Europe,1998,4690000
South Africa,Africa,1998,71800000
South Korea,Asia,1998,36100000
Spain,Europe,1998,17500000
Sweden,Europe,1998,2540000
Switzerland,Europe,1998,91000
Thailand,Asia,1998,7230000
Trinidad and Tobago,Americas,1998,0
Turkey,Europe,1998,21600000
Turkmenistan,Asia,1998,0
Ukraine,Europe,1998,37100000
United Arab Emirates,Asia,1998,0
United Kingdom,Europe,1998,38600000
United States,Americas,1998,546000000
Uzbekistan,Asia,1998,826000
Venezuela,Americas,1998,35800
Vietnam,Asia,1998,4770000
Algeria,Africa,1999,587000
Argentina,Americas,1999,736000
Australia,Asia,1999,47800000
Austria,Europe,1999,3230000
Azerbaijan,Europe,1999,0
Bangladesh,Asia,1999,46000
Belarus,Europe,1999,1000000
Belgium,Europe,1999,7060000
Brazil,Americas,1999,12200000
Bulgaria,Europe,1999,6490000
Canada,Americas,1999,28900000
Chile,Americas,1999,4160000
China,Asia,1999,696000000
Colombia,Americas,1999,2520000
Czech Republic,Europe,1999,18400000
Denmark,Europe,1999,4730000
Ecuador,Americas,1999,0
Egypt,Africa,1999,722000
Finland,Europe,1999,5290000
France,Europe,1999,14600000
Germany,Europe,1999,82200000
Greece,Europe,1999,8560000
Hungary,Europe,1999,4160000
India,Asia,1999,155000000
Indonesia,Asia,1999,11800000
Iran,Asia,1999,1230000
Ireland,Europe,1999,2460000
Israel,Asia,1999,5740000
Italy,Europe,1999,11800000
Japan,Asia,1999,89100000
Kazakhstan,Asia,1999,19100000
Kuwait,Asia,1999,0
Lithuania,Europe,1999,136000
Malaysia,Asia,1999,1940000
Mexico,Americas,1999,5980000
Netherlands,Europe,1999,7480000
New Zealand,Asia,1999,1180000
Norway,Europe,1999,969000
Pakistan,Asia,1999,2100000
Peru,Americas,1999,405000
Philippines,Asia,1999,2890000
Poland,Europe,1999,60700000
Portugal,Europe,1999,3700000
Qatar,Asia,1999,0
Romania,Europe,1999,6860000
Russia,Europe,1999,102000000
Saudi Arabia,Asia,1999,0
Singapore,Asia,1999,0
Slovak Republic,Europe,1999,4560000
South Africa,Africa,1999,75000000
South Korea,Asia,1999,38200000
Spain,Europe,1999,19600000
Sweden,Europe,1999,2440000
Switzerland,Europe,1999,94600
Thailand,Asia,1999,7690000
Trinidad and Tobago,Americas,1999,0
Turkey,Europe,1999,20000000
Turkmenistan,Asia,1999,0
Ukraine,Europe,1999,38600000
United Arab Emirates,Asia,1999,0
United Kingdom,Europe,1999,34300000
United States,Americas,1999,545000000
Uzbekistan,Asia,1999,824000
Venezuela,Americas,1999,36500
Vietnam,Asia,1999,3570000
Algeria,Africa,2000,485000
Argentina,Americas,2000,614000
Australia,Asia,2000,48000000
Austria,Europe,2000,3650000
Azerbaijan,Europe,2000,0
Bangladesh,Asia,2000,330000
Belarus,Europe,2000,995000
Belgium,Europe,2000,8000000
Brazil,Americas,2000,13000000
Bulgaria,Europe,2000,6430000
Canada,Americas,2000,30600000
Chile,Americas,2000,3210000
China,Asia,2000,706000000
Colombia,Americas,2000,2700000
Czech Republic,Europe,2000,21600000
Denmark,Europe,2000,3970000
Ecuador,Americas,2000,0
Egypt,Africa,2000,869000
Finland,Europe,2000,5020000
France,Europe,2000,14200000
Germany,Europe,2000,85300000
Greece,Europe,2000,9040000
Hungary,Europe,2000,3850000
India,Asia,2000,164000000
Indonesia,Asia,2000,13200000
Iran,Asia,2000,1300000
Ireland,Europe,2000,2620000
Israel,Asia,2000,6250000
Italy,Europe,2000,12600000
Japan,Asia,2000,95500000
Kazakhstan,Asia,2000,17800000
Kuwait,Asia,2000,0
Lithuania,Europe,2000,92300
Malaysia,Asia,2000,2490000
Mexico,Americas,2000,6550000
Netherlands,Europe,2000,7760000
New Zealand,Asia,2000,1120000
Norway,Europe,2000,993000
Pakistan,Asia,2000,2030000
Peru,Americas,2000,630000
Philippines,Asia,2000,4010000
Poland,Europe,2000,56200000
Portugal,Europe,2000,3710000
Qatar,Asia,2000,0
Romania,Europe,2000,7490000
Russia,Europe,2000,106000000
Saudi Arabia,Asia,2000,0
Singapore,Asia,2000,0
Slovak Republic,Europe,2000,4280000
South Africa,Africa,2000,74600000
South Korea,Asia,2000,43000000
Spain,Europe,2000,20900000
Sweden,Europe,2000,2450000
Switzerland,Europe,2000,138000
Thailand,Asia,2000,7880000
Trinidad and Tobago,Americas,2000,0
Turkey,Europe,2000,22500000
Turkmenistan,Asia,2000,0
Ukraine,Europe,2000,39200000
United Arab Emirates,Asia,2000,0
United Kingdom,Europe,2000,36700000
United States,Americas,2000,569000000
Uzbekistan,Asia,2000,718000
Venezuela,Americas,2000,132000
Vietnam,Asia,2000,4680000
Algeria,Africa,2001,560000
Argentina,Americas,2001,665000
Australia,Asia,2001,47500000
Austria,Europe,2001,3770000
Azerbaijan,Europe,2001,3000
Bangladesh,Asia,2001,350000
Belarus,Europe,2001,714000
Belgium,Europe,2001,7400000
Brazil,Americas,2001,12800000
Bulgaria,Europe,2001,7240000
Canada,Americas,2001,31800000
Chile,Americas,2001,2520000
China,Asia,2001,743000000
Colombia,Americas,2001,2660000
Czech Republic,Europe,2001,21200000
Denmark,Europe,2001,4200000
Ecuador,Americas,2001,0
Egypt,Africa,2001,765000
Finland,Europe,2001,6060000
France,Europe,2001,12400000
Germany,Europe,2001,85500000
Greece,Europe,2001,9310000
Hungary,Europe,2001,3620000
India,Asia,2001,166000000
Indonesia,Asia,2001,16700000
Iran,Asia,2001,1280000
Ireland,Europe,2001,2740000
Israel,Asia,2001,7220000
Italy,Europe,2001,13400000
Japan,Asia,2001,97800000
Kazakhstan,Asia,2001,22300000
Kuwait,Asia,2001,0
Lithuania,Europe,2001,83800
Malaysia,Asia,2001,2970000
Mexico,Americas,2001,7190000
Netherlands,Europe,2001,8260000
New Zealand,Asia,2001,1400000
Norway,Europe,2001,885000
Pakistan,Asia,2001,2100000
Peru,Americas,2001,571000
Philippines,Asia,2001,4100000
Poland,Europe,2001,55600000
Portugal,Europe,2001,3170000
Qatar,Asia,2001,0
Romania,Europe,2001,7650000
Russia,Europe,2001,103000000
Saudi Arabia,Asia,2001,7890
Singapore,Asia,2001,0
Slovak Republic,Europe,2001,4430000
South Africa,Africa,2001,74900000
South Korea,Asia,2001,45700000
Spain,Europe,2001,19200000
Sweden,Europe,2001,2760000
Switzerland,Europe,2001,144000
Thailand,Asia,2001,8780000
Trinidad and Tobago,Americas,2001,0
Turkey,Europe,2001,18500000
Turkmenistan,Asia,2001,0
Ukraine,Europe,2001,39800000
United Arab Emirates,Asia,2001,18500
United Kingdom,Europe,2001,38900000
United States,Americas,2001,552000000
Uzbekistan,Asia,2001,761000
Venezuela,Americas,2001,48900
Vietnam,Asia,2001,5100000
Algeria,Africa,2002,735000
Argentina,Americas,2002,561000
Australia,Asia,2002,48500000
Austria,Europe,2002,3830000
Azerbaijan,Europe,2002,2000
Bangladesh,Asia,2002,365000
Belarus,Europe,2002,674000
Belgium,Europe,2002,6400000
Brazil,Americas,2002,12400000
Bulgaria,Europe,2002,6650000
Canada,Americas,2002,32000000
Chile,Americas,2002,2540000
China,Asia,2002,814000000
Colombia,Americas,2002,2190000
Czech Republic,Europe,2002,20800000
Denmark,Europe,2002,4200000
Ecuador,Americas,2002,0
Egypt,Africa,2002,820000
Finland,Europe,2002,6590000
France,Europe,2002,12800000
Germany,Europe,2002,85700000
Greece,Europe,2002,8970000
Hungary,Europe,2002,3620000
India,Asia,2002,173000000
Indonesia,Asia,2002,17200000
Iran,Asia,2002,1210000
Ireland,Europe,2002,2640000
Israel,Asia,2002,7630000
Italy,Europe,2002,13700000
Japan,Asia,2002,104000000
Kazakhstan,Asia,2002,22600000
Kuwait,Asia,2002,0
Lithuania,Europe,2002,135000
Malaysia,Asia,2002,3640000
Mexico,Americas,2002,12000000
Netherlands,Europe,2002,8310000
New Zealand,Asia,2002,1400000
Norway,Europe,2002,767000
Pakistan,Asia,2002,2360000
Peru,Americas,2002,782000
Philippines,Asia,2002,3570000
Poland,Europe,2002,54500000
Portugal,Europe,2002,3500000
Qatar,Asia,2002,0
Romania,Europe,2002,8820000
Russia,Europe,2002,104000000
Saudi Arabia,Asia,2002,12400
Singapore,Asia,2002,6740
Slovak Republic,Europe,2002,4270000
South Africa,Africa,2002,71200000
South Korea,Asia,2002,49100000
Spain,Europe,2002,21600000
Sweden,Europe,2002,2850000
Switzerland,Europe,2002,133000
Thailand,Asia,2002,9370000
Trinidad and Tobago,Americas,2002,0
Turkey,Europe,2002,19300000
Turkmenistan,Asia,2002,0
Ukraine,Europe,2002,39100000
United Arab Emirates,Asia,2002,94300
United Kingdom,Europe,2002,35700000
United States,Americas,2002,552000000
Uzbekistan,Asia,2002,776000
Venezuela,Americas,2002,18200
Vietnam,Asia,2002,5800000
Algeria,Africa,2003,606000
Argentina,Americas,2003,681000
Australia,Asia,2003,49900000
Austria,Europe,2003,4090000
Azerbaijan,Europe,2003,3000
Bangladesh,Asia,2003,349000
Belarus,Europe,2003,634000
Belgium,Europe,2003,6010000
Brazil,Americas,2003,12800000
Bulgaria,Europe,2003,7330000
Canada,Americas,2003,31900000
Chile,Americas,2003,2430000
China,Asia,2003,970000000
Colombia,Americas,2003,2430000
Czech Republic,Europe,2003,21000000
Denmark,Europe,2003,5730000
Ecuador,Americas,2003,0
Egypt,Africa,2003,851000
Finland,Europe,2003,8220000
France,Europe,2003,13600000
Germany,Europe,2003,87200000
Greece,Europe,2003,8900000
Hungary,Europe,2003,3750000
India,Asia,2003,181000000
Indonesia,Asia,2003,23100000
Iran,Asia,2003,1310000
Ireland,Europe,2003,2550000
Israel,Asia,2003,7910000
Italy,Europe,2003,14900000
Japan,Asia,2003,107000000
Kazakhstan,Asia,2003,24900000
Kuwait,Asia,2003,0
Lithuania,Europe,2003,174000
Malaysia,Asia,2003,5320000
Mexico,Americas,2003,8880000
Netherlands,Europe,2003,8600000
New Zealand,Asia,2003,2010000
Norway,Europe,2003,749000
Pakistan,Asia,2003,3030000
Peru,Americas,2003,840000
Philippines,Asia,2003,3720000
Poland,Europe,2003,56100000
Portugal,Europe,2003,3350000
Qatar,Asia,2003,0
Romania,Europe,2003,9420000
Russia,Europe,2003,104000000
Saudi Arabia,Asia,2003,15800
Singapore,Asia,2003,8760
Slovak Republic,Europe,2003,4590000
South Africa,Africa,2003,79200000
South Korea,Asia,2003,51100000
Spain,Europe,2003,20100000
Sweden,Europe,2003,2680000
Switzerland,Europe,2003,136000
Thailand,Asia,2003,9570000
Trinidad and Tobago,Americas,2003,0
Turkey,Europe,2003,20800000
Turkmenistan,Asia,2003,0
Ukraine,Europe,2003,40500000
United Arab Emirates,Asia,2003,111000
United Kingdom,Europe,2003,38100000
United States,Americas,2003,562000000
Uzbekistan,Asia,2003,535000
Venezuela,Americas,2003,43100
Vietnam,Asia,2003,6750000
Algeria,Africa,2004,723000
Argentina,Americas,2004,1070000
Australia,Asia,2004,52000000
Austria,Europe,2004,4000000
Azerbaijan,Europe,2004,920
Bangladesh,Asia,2004,350000
Belarus,Europe,2004,621000
Belgium,Europe,2004,5870000
Brazil,Americas,2004,13500000
Bulgaria,Europe,2004,7220000
Canada,Americas,2004,30000000
Chile,Americas,2004,2810000
China,Asia,2004,1130000000
Colombia,Americas,2004,2120000
Czech Republic,Europe,2004,21000000
Denmark,Europe,2004,4400000
Ecuador,Americas,2004,0
Egypt,Africa,2004,870000
Finland,Europe,2004,7380000
France,Europe,2004,12900000
Germany,Europe,2004,85000000
Greece,Europe,2004,9090000
Hungary,Europe,2004,3370000
India,Asia,2004,193000000
Indonesia,Asia,2004,21300000
Iran,Asia,2004,1370000
Ireland,Europe,2004,2380000
Israel,Asia,2004,7990000
Italy,Europe,2004,16600000
Japan,Asia,2004,110000000
Kazakhstan,Asia,2004,26600000
Kuwait,Asia,2004,0
Lithuania,Europe,2004,169000
Malaysia,Asia,2004,6630000
Mexico,Americas,2004,9090000
Netherlands,Europe,2004,8480000
New Zealand,Asia,2004,2070000
Norway,Europe,2004,846000
Pakistan,Asia,2004,3360000
Peru,Americas,2004,908000
Philippines,Asia,2004,4040000
Poland,Europe,2004,54500000
Portugal,Europe,2004,3320000
Qatar,Asia,2004,0
Romania,Europe,2004,9310000
Russia,Europe,2004,99900000
Saudi Arabia,Asia,2004,14100
Singapore,Asia,2004,6920
Slovak Republic,Europe,2004,4530000
South Africa,Africa,2004,86800000
South Korea,Asia,2004,53100000
Spain,Europe,2004,21000000
Sweden,Europe,2004,2950000
Switzerland,Europe,2004,129000
Thailand,Asia,2004,10700000
Trinidad and Tobago,Americas,2004,0
Turkey,Europe,2004,22100000
Turkmenistan,Asia,2004,0
Ukraine,Europe,2004,39300000
United Arab Emirates,Asia,2004,126000
United Kingdom,Europe,2004,36600000
United States,Americas,2004,566000000
Uzbekistan,Asia,2004,775000
Venezuela,Americas,2004,0
Vietnam,Asia,2004,8800000
Algeria,Africa,2005,594000
Argentina,Americas,2005,1130000
Australia,Asia,2005,51700000
Austria,Europe,2005,4000000
Azerbaijan,Europe,2005,3220
Bangladesh,Asia,2005,481000
Belarus,Europe,2005,686000
Belgium,Europe,2005,5170000
Brazil,Americas,2005,13000000
Bulgaria,Europe,2005,6900000
Canada,Americas,2005,30100000
Chile,Americas,2005,2760000
China,Asia,2005,1320000000
Colombia,Americas,2005,1340000
Czech Republic,Europe,2005,20200000
Denmark,Europe,2005,3710000
Ecuador,Americas,2005,0
Egypt,Africa,2005,851000
Finland,Europe,2005,4740000
France,Europe,2005,13400000
Germany,Europe,2005,81300000
Greece,Europe,2005,8940000
Hungary,Europe,2005,3030000
India,Asia,2005,211000000
Indonesia,Asia,2005,24400000
Iran,Asia,2005,1560000
Ireland,Europe,2005,2670000
Israel,Asia,2005,7940000
Italy,Europe,2005,16500000
Japan,Asia,2005,114000000
Kazakhstan,Asia,2005,26900000
Kuwait,Asia,2005,0
Lithuania,Europe,2005,185000
Malaysia,Asia,2005,6890000
Mexico,Americas,2005,11500000
Netherlands,Europe,2005,8100000
New Zealand,Asia,2005,2290000
Norway,Europe,2005,722000
Pakistan,Asia,2005,3750000
Peru,Americas,2005,921000
Philippines,Asia,2005,4590000
Poland,Europe,2005,55100000
Portugal,Europe,2005,3340000
Qatar,Asia,2005,0
Romania,Europe,2005,8790000
Russia,Europe,2005,94600000
Saudi Arabia,Asia,2005,28000
Singapore,Asia,2005,8400
Slovak Republic,Europe,2005,4230000
South Africa,Africa,2005,80000000
South Korea,Asia,2005,54800000
Spain,Europe,2005,20500000
Sweden,Europe,2005,2630000
Switzerland,Europe,2005,144000
Thailand,Asia,2005,11600000
Trinidad and Tobago,Americas,2005,0
Turkey,Europe,2005,22200000
Turkmenistan,Asia,2005,0
Ukraine,Europe,2005,37500000
United Arab Emirates,Asia,2005,145000
United Kingdom,Europe,2005,37400000
United States,Americas,2005,574000000
Uzbekistan,Asia,2005,917000
Venezuela,Americas,2005,37200
Vietnam,Asia,2005,9020000
Algeria,Africa,2006,882000
Argentina,Americas,2006,1060000
Australia,Asia,2006,53100000
Austria,Europe,2006,4070000
Azerbaijan,Europe,2006,3220
Bangladesh,Asia,2006,471000
Belarus,Europe,2006,614000
Belgium,Europe,2006,4950000
Brazil,Americas,2006,12800000
Bulgaria,Europe,2006,6970000
Canada,Americas,2006,29200000
Chile,Americas,2006,3440000
China,Asia,2006,1450000000
Colombia,Americas,2006,3720000
Czech Republic,Europe,2006,21000000
Denmark,Europe,2006,5630000
Ecuador,Americas,2006,0
Egypt,Africa,2006,851000
Finland,Europe,2006,7410000
France,Europe,2006,12400000
Germany,Europe,2006,84600000
Greece,Europe,2006,8420000
Hungary,Europe,2006,3080000
India,Asia,2006,219000000
Indonesia,Asia,2006,28900000
Iran,Asia,2006,1500000
Ireland,Europe,2006,2380000
Israel,Asia,2006,7850000
Italy,Europe,2006,16700000
Japan,Asia,2006,112000000
Kazakhstan,Asia,2006,28300000
Kuwait,Asia,2006,0
Lithuania,Europe,2006,251000
Malaysia,Asia,2006,7300000
Mexico,Americas,2006,12300000
Netherlands,Europe,2006,7710000
New Zealand,Asia,2006,2250000
Norway,Europe,2006,620000
Pakistan,Asia,2006,3970000
Peru,Americas,2006,784000
Philippines,Asia,2006,5020000
Poland,Europe,2006,57400000
Portugal,Europe,2006,3300000
Qatar,Asia,2006,0
Romania,Europe,2006,9510000
Russia,Europe,2006,97000000
Saudi Arabia,Asia,2006,19800
Singapore,Asia,2006,5000
Slovak Republic,Europe,2006,4460000
South Africa,Africa,2006,81500000
South Korea,Asia,2006,54800000
Spain,Europe,2006,17900000
Sweden,Europe,2006,2690000
Switzerland,Europe,2006,156000
Thailand,Asia,2006,12400000
Trinidad and Tobago,Americas,2006,0
Turkey,Europe,2006,26200000
Turkmenistan,Asia,2006,0
Ukraine,Europe,2006,39800000
United Arab Emirates,Asia,2006,282000
United Kingdom,Europe,2006,40900000
United States,Americas,2006,566000000
Uzbekistan,Asia,2006,813000
Venezuela,Americas,2006,247000
Vietnam,Asia,2006,5300000
Algeria,Africa,2007,757000
Argentina,Americas,2007,1220000
Australia,Asia,2007,52700000
Austria,Europe,2007,3900000
Azerbaijan,Europe,2007,1240
Bangladesh,Asia,2007,618000
Belarus,Europe,2007,695000
Belgium,Europe,2007,4420000
Brazil,Americas,2007,13600000
Bulgaria,Europe,2007,7860000
Canada,Americas,2007,30300000
Chile,Americas,2007,4090000
China,Asia,2007,1580000000
Colombia,Americas,2007,3230000
Czech Republic,Europe,2007,21400000
Denmark,Europe,2007,4650000
Ecuador,Americas,2007,0
Egypt,Africa,2007,774000
Finland,Europe,2007,7000000
France,Europe,2007,12800000
Germany,Europe,2007,86700000
Greece,Europe,2007,8840000
Hungary,Europe,2007,3130000
India,Asia,2007,240000000
Indonesia,Asia,2007,36200000
Iran,Asia,2007,1570000
Ireland,Europe,2007,2350000
Israel,Asia,2007,8030000
Italy,Europe,2007,16300000
Japan,Asia,2007,118000000
Kazakhstan,Asia,2007,31100000
Kuwait,Asia,2007,0
Lithuania,Europe,2007,250000
Malaysia,Asia,2007,8850000
Mexico,Americas,2007,11300000
Netherlands,Europe,2007,8410000
New Zealand,Asia,2007,1710000
Norway,Europe,2007,681000
Pakistan,Asia,2007,5440000
Peru,Americas,2007,1040000
Philippines,Asia,2007,5400000
Poland,Europe,2007,55900000
Portugal,Europe,2007,2880000
Qatar,Asia,2007,0
Romania,Europe,2007,10100000
Russia,Europe,2007,93900000
Saudi Arabia,Asia,2007,55500
Singapore,Asia,2007,8100
Slovak Republic,Europe,2007,4000000
South Africa,Africa,2007,83700000
South Korea,Asia,2007,59700000
Spain,Europe,2007,20000000
Sweden,Europe,2007,2680000
Switzerland,Europe,2007,174000
Thailand,Asia,2007,14000000
Trinidad and Tobago,Americas,2007,0
Turkey,Europe,2007,29500000
Turkmenistan,Asia,2007,0
Ukraine,Europe,2007,39800000
United Arab Emirates,Asia,2007,136000
United Kingdom,Europe,2007,38400000
United States,Americas,2007,573000000
Uzbekistan,Asia,2007,979000
Venezuela,Americas,2007,139000
Vietnam,Asia,2007,5830000
Algeria,Africa,2008,757000
Argentina,Americas,2008,1390000
Australia,Asia,2008,54900000
Austria,Europe,2008,3750000
Azerbaijan,Europe,2008,6980
Bangladesh,Asia,2008,641000
Belarus,Europe,2008,648000
Belgium,Europe,2008,4550000
Brazil,Americas,2008,13800000
Bulgaria,Europe,2008,7550000
Canada,Americas,2008,29400000
Chile,Americas,2008,4370000
China,Asia,2008,1610000000
Colombia,Americas,2008,4910000
Czech Republic,Europe,2008,19700000
Denmark,Europe,2008,4100000
Ecuador,Americas,2008,0
Egypt,Africa,2008,696000
Finland,Europe,2008,5330000
France,Europe,2008,12100000
Germany,Europe,2008,80100000
Greece,Europe,2008,8320000
Hungary,Europe,2008,3050000
India,Asia,2008,259000000
Indonesia,Asia,2008,31500000
Iran,Asia,2008,1170000
Ireland,Europe,2008,2270000
Israel,Asia,2008,7900000
Italy,Europe,2008,15800000
Japan,Asia,2008,120000000
Kazakhstan,Asia,2008,33800000
Kuwait,Asia,2008,0
Lithuania,Europe,2008,212000
Malaysia,Asia,2008,9780000
Mexico,Americas,2008,10100000
Netherlands,Europe,2008,7950000
New Zealand,Asia,2008,2120000
Norway,Europe,2008,702000
Pakistan,Asia,2008,5990000
Peru,Americas,2008,923000
Philippines,Asia,2008,6350000
Poland,Europe,2008,55200000
Portugal,Europe,2008,2520000
Qatar,Asia,2008,0
Romania,Europe,2008,9600000
Russia,Europe,2008,101000000
Saudi Arabia,Asia,2008,64200
Singapore,Asia,2008,4900
Slovak Republic,Europe,2008,4010000
South Africa,Africa,2008,93300000
South Korea,Asia,2008,66100000
Spain,Europe,2008,13500000
Sweden,Europe,2008,2430000
Switzerland,Europe,2008,157000
Thailand,Asia,2008,15100000
Trinidad and Tobago,Americas,2008,0
Turkey,Europe,2008,29600000
Turkmenistan,Asia,2008,0
Ukraine,Europe,2008,41800000
United Arab Emirates,Asia,2008,343000
United Kingdom,Europe,2008,35600000
United States,Americas,2008,564000000
Uzbekistan,Asia,2008,980000
Venezuela,Americas,2008,141000
Vietnam,Asia,2008,11400000
Algeria,Africa,2009,486000
Argentina,Americas,2009,955000
Australia,Asia,2009,53100000
Austria,Europe,2009,2880000
Azerbaijan,Europe,2009,4120
Bangladesh,Asia,2009,774000
Belarus,Europe,2009,617000
Belgium,Europe,2009,3140000
Brazil,Americas,2009,11100000
Bulgaria,Europe,2009,6400000
Canada,Americas,2009,23500000
Chile,Americas,2009,3990000
China,Asia,2009,1690000000
Colombia,Americas,2009,4000000
Czech Republic,Europe,2009,17700000
Denmark,Europe,2009,4030000
Ecuador,Americas,2009,0
Egypt,Africa,2009,619000
Finland,Europe,2009,5370000
France,Europe,2009,10800000
Germany,Europe,2009,71700000
Greece,Europe,2009,8430000
Hungary,Europe,2009,2560000
India,Asia,2009,281000000
Indonesia,Asia,2009,33200000
Iran,Asia,2009,1360000
Ireland,Europe,2009,1960000
Israel,Asia,2009,7740000
Italy,Europe,2009,12400000
Japan,Asia,2009,102000000
Kazakhstan,Asia,2009,30900000
Kuwait,Asia,2009,0
Lithuania,Europe,2009,168000
Malaysia,Asia,2009,10600000
Mexico,Americas,2009,10300000
Netherlands,Europe,2009,7500000
New Zealand,Asia,2009,1610000
Norway,Europe,2009,559000
Pakistan,Asia,2009,4930000
Peru,Americas,2009,829000
Philippines,Asia,2009,6060000
Poland,Europe,2009,51800000
Portugal,Europe,2009,2860000
Qatar,Asia,2009,0
Romania,Europe,2009,7560000
Russia,Europe,2009,92200000
Saudi Arabia,Asia,2009,23500
Singapore,Asia,2009,4000
Slovak Republic,Europe,2009,3880000
South Africa,Africa,2009,93800000
South Korea,Asia,2009,68600000
Spain,Europe,2009,9430000
Sweden,Europe,2009,1930000
Switzerland,Europe,2009,148000
Thailand,Asia,2009,15100000
Trinidad and Tobago,Americas,2009,0
Turkey,Europe,2009,30900000
Turkmenistan,Asia,2009,0
Ukraine,Europe,2009,35900000
United Arab Emirates,Asia,2009,551000
United Kingdom,Europe,2009,29800000
United States,Americas,2009,496000000
Uzbekistan,Asia,2009,1020000
Venezuela,Americas,2009,237000
Vietnam,Asia,2009,10700000
Algeria,Africa,2010,310000
Argentina,Americas,2010,1270000
Australia,Asia,2010,49400000
Austria,Europe,2010,3380000
Azerbaijan,Europe,2010,526
Bangladesh,Asia,2010,809000
Belarus,Europe,2010,646000
Belgium,Europe,2010,3760000
Brazil,Americas,2010,14500000
Bulgaria,Europe,2010,6890000
Canada,Americas,2010,24800000
Chile,Americas,2010,4490000
China,Asia,2010,1750000000
Colombia,Americas,2010,4690000
Czech Republic,Europe,2010,18800000
Denmark,Europe,2010,3830000
Ecuador,Americas,2010,0
Egypt,Africa,2010,464000
Finland,Europe,2010,6790000
France,Europe,2010,11500000
Germany,Europe,2010,77100000
Greece,Europe,2010,7860000
Hungary,Europe,2010,2730000
India,Asia,2010,290000000
Indonesia,Asia,2010,39500000
Iran,Asia,2010,1290000
Ireland,Europe,2010,1980000
Israel,Asia,2010,7730000
Italy,Europe,2010,13700000
Japan,Asia,2010,116000000
Kazakhstan,Asia,2010,33400000
Kuwait,Asia,2010,0
Lithuania,Europe,2010,207000
Malaysia,Asia,2010,14800000
Mexico,Americas,2010,12700000
Netherlands,Europe,2010,7550000
New Zealand,Asia,2010,1400000
Norway,Europe,2010,762000
Pakistan,Asia,2010,4630000
Peru,Americas,2010,813000
Philippines,Asia,2010,7020000
Poland,Europe,2010,55100000
Portugal,Europe,2010,1650000
Qatar,Asia,2010,0
Romania,Europe,2010,7010000
Russia,Europe,2010,90500000
Saudi Arabia,Asia,2010,67600
Singapore,Asia,2010,7800
Slovak Republic,Europe,2010,3900000
South Africa,Africa,2010,92800000
South Korea,Asia,2010,75900000
Spain,Europe,2010,6900000
Sweden,Europe,2010,2490000
Switzerland,Europe,2010,148000
Thailand,Asia,2010,15500000
Trinidad and Tobago,Americas,2010,0
Turkey,Europe,2010,31400000
Turkmenistan,Asia,2010,0
Ukraine,Europe,2010,38300000
United Arab Emirates,Asia,2010,716000
United Kingdom,Europe,2010,30900000
United States,Americas,2010,525000000
Uzbekistan,Asia,2010,940000
Venezuela,Americas,2010,199000
Vietnam,Asia,2010,14000000
Algeria,Africa,2011,275000
Argentina,Americas,2011,1550000
Australia,Asia,2011,48100000
Austria,Europe,2011,3470000
Azerbaijan,Europe,2011,3470
Bangladesh,Asia,2011,729000
Belarus,Europe,2011,775000
Belgium,Europe,2011,3510000
Brazil,Americas,2011,15400000
Bulgaria,Europe,2011,8110000
Canada,Americas,2011,21800000
Chile,Americas,2011,5760000
China,Asia,2011,1900000000
Colombia,Americas,2011,3730000
Czech Republic,Europe,2011,18400000
Denmark,Europe,2011,3240000
Ecuador,Americas,2011,0
Egypt,Africa,2011,441000
Finland,Europe,2011,5510000
France,Europe,2011,9770000
Germany,Europe,2011,78300000
Greece,Europe,2011,7890000
Hungary,Europe,2011,2710000
India,Asia,2011,305000000
Indonesia,Asia,2011,46900000
Iran,Asia,2011,1430000
Ireland,Europe,2011,1950000
Israel,Asia,2011,7930000
Italy,Europe,2011,15400000
Japan,Asia,2011,110000000
Kazakhstan,Asia,2011,36300000
Kuwait,Asia,2011,0
Lithuania,Europe,2011,240000
Malaysia,Asia,2011,14800000
Mexico,Americas,2011,14700000
Netherlands,Europe,2011,7450000
New Zealand,Asia,2011,1430000
Norway,Europe,2011,846000
Pakistan,Asia,2011,3990000
Peru,Americas,2011,818000
Philippines,Asia,2011,7720000
Poland,Europe,2011,55000000
Portugal,Europe,2011,2220000
Qatar,Asia,2011,0
Romania,Europe,2011,8160000
Russia,Europe,2011,94000000
Saudi Arabia,Asia,2011,64200
Singapore,Asia,2011,6400
Slovak Republic,Europe,2011,3700000
South Africa,Africa,2011,90500000
South Korea,Asia,2011,83600000
Spain,Europe,2011,12800000
Sweden,Europe,2011,2490000
Switzerland,Europe,2011,139000
Thailand,Asia,2011,15800000
Trinidad and Tobago,Americas,2011,0
Turkey,Europe,2011,33900000
Turkmenistan,Asia,2011,0
Ukraine,Europe,2011,41500000
United Arab Emirates,Asia,2011,1340000
United Kingdom,Europe,2011,31400000
United States,Americas,2011,495000000
Uzbekistan,Asia,2011,1090000
Venezuela,Americas,2011,205000
Vietnam,Asia,2011,16500000
Algeria,Africa,2012,292000
Argentina,Americas,2012,1310000
Australia,Asia,2012,45100000
Austria,Europe,2012,3230000
Azerbaijan,Europe,2012,545
Bangladesh,Asia,2012,902000
Belarus,Europe,2012,791000
Belgium,Europe,2012,3220000
Brazil,Americas,2012,15300000
Bulgaria,Europe,2012,6930000
Canada,Americas,2012,21000000
Chile,Americas,2012,6720000
China,Asia,2012,1930000000
Colombia,Americas,2012,4610000
Czech Republic,Europe,2012,17400000
Denmark,Europe,2012,2470000
Ecuador,Americas,2012,0
Egypt,Africa,2012,391000
Finland,Europe,2012,4510000
France,Europe,2012,11100000
Germany,Europe,2012,80500000
Greece,Europe,2012,8140000
Hungary,Europe,2012,2600000
India,Asia,2012,330000000
Indonesia,Asia,2012,53000000
Iran,Asia,2012,1120000
Ireland,Europe,2012,2260000
Israel,Asia,2012,8810000
Italy,Europe,2012,15700000
Japan,Asia,2012,116000000
Kazakhstan,Asia,2012,36500000
Kuwait,Asia,2012,0
Lithuania,Europe,2012,234000
Malaysia,Asia,2012,15900000
Mexico,Americas,2012,12800000
Netherlands,Europe,2012,8190000
New Zealand,Asia,2012,1740000
Norway,Europe,2012,819000
Pakistan,Asia,2012,4050000
Peru,Americas,2012,873000
Philippines,Asia,2012,8090000
Poland,Europe,2012,51200000
Portugal,Europe,2012,2910000
Qatar,Asia,2012,0
Romania,Europe,2012,7600000
Russia,Europe,2012,98400000
Saudi Arabia,Asia,2012,73800
Singapore,Asia,2012,24900
Slovak Republic,Europe,2012,3480000
South Africa,Africa,2012,88300000
South Korea,Asia,2012,81000000
Spain,Europe,2012,15500000
Sweden,Europe,2012,2190000
Switzerland,Europe,2012,126000
Thailand,Asia,2012,16500000
Trinidad and Tobago,Americas,2012,0
Turkey,Europe,2012,36500000
Turkmenistan,Asia,2012,0
Ukraine,Europe,2012,42500000
United Arab Emirates,Asia,2012,1730000
United Kingdom,Europe,2012,39000000
United States,Americas,2012,438000000
Uzbekistan,Asia,2012,1160000
Venezuela,Americas,2012,211000
Vietnam,Asia,2012,15000000
Algeria,Africa,2013,158000
Argentina,Americas,2013,1250000
Australia,Asia,2013,43000000
Austria,Europe,2013,3280000
Azerbaijan,Europe,2013,2940
Bangladesh,Asia,2013,964000
Belarus,Europe,2013,860000
Belgium,Europe,2013,3340000
Brazil,Americas,2013,16500000
Bulgaria,Europe,2013,5930000
Canada,Americas,2013,20800000
Chile,Americas,2013,7550000
China,Asia,2013,1970000000
Colombia,Americas,2013,4980000
Czech Republic,Europe,2013,17200000
Denmark,Europe,2013,3240000
Ecuador,Americas,2013,0
Egypt,Africa,2013,386000
Finland,Europe,2013,5000000
France,Europe,2013,11600000
Germany,Europe,2013,82800000
Greece,Europe,2013,6980000
Hungary,Europe,2013,2260000
India,Asia,2013,353000000
Indonesia,Asia,2013,57000000
Iran,Asia,2013,1430000
Ireland,Europe,2013,2050000
Israel,Asia,2013,7370000
Italy,Europe,2013,13500000
Japan,Asia,2013,121000000
Kazakhstan,Asia,2013,36300000
Kuwait,Asia,2013,0
Lithuania,Europe,2013,269000
Malaysia,Asia,2013,15100000
Mexico,Americas,2013,12700000
Netherlands,Europe,2013,8190000
New Zealand,Asia,2013,1530000
Norway,Europe,2013,776000
Pakistan,Asia,2013,3210000
Peru,Americas,2013,880000
Philippines,Asia,2013,10000000
Poland,Europe,2013,53400000
Portugal,Europe,2013,2660000
Qatar,Asia,2013,0
Romania,Europe,2013,5760000
Russia,Europe,2013,90500000
Saudi Arabia,Asia,2013,96000
Singapore,Asia,2013,264000
Slovak Republic,Europe,2013,3450000
South Africa,Africa,2013,88600000
South Korea,Asia,2013,81900000
Spain,Europe,2013,11400000
Sweden,Europe,2013,2220000
Switzerland,Europe,2013,135000
Thailand,Asia,2013,16300000
Trinidad and Tobago,Americas,2013,0
Turkey,Europe,2013,31600000
Turkmenistan,Asia,2013,0
Ukraine,Europe,2013,41600000
United Arab Emirates,Asia,2013,1450000
United Kingdom,Europe,2013,36800000
United States,Americas,2013,455000000
Uzbekistan,Asia,2013,1110000
Venezuela,Americas,2013,210000
Vietnam,Asia,2013,15800000
Algeria,Africa,2014,179000
Argentina,Americas,2014,1490000
Australia,Asia,2014,42600000
Austria,Europe,2014,3000000
Azerbaijan,Europe,2014,1660
Bangladesh,Asia,2014,777000
Belarus,Europe,2014,787000
Belgium,Europe,2014,3330000
Brazil,Americas,2014,17500000
Bulgaria,Europe,2014,6400000
Canada,Americas,2014,19700000
Chile,Americas,2014,7610000
China,Asia,2014,1950000000
Colombia,Americas,2014,5240000
Czech Republic,Europe,2014,16000000
Denmark,Europe,2014,2630000
Ecuador,Americas,2014,0
Egypt,Africa,2014,394000
Finland,Europe,2014,4470000
France,Europe,2014,8640000
Germany,Europe,2014,79600000
Greece,Europe,2014,6690000
Hungary,Europe,2014,2220000
India,Asia,2014,388000000
Indonesia,Asia,2014,45100000
Iran,Asia,2014,1620000
Ireland,Europe,2014,2030000
Israel,Asia,2014,6880000
Italy,Europe,2014,13100000
Japan,Asia,2014,119000000
Kazakhstan,Asia,2014,41000000
Kuwait,Asia,2014,0
Lithuania,Europe,2014,228000
Malaysia,Asia,2014,15400000
Mexico,Americas,2014,12700000
Netherlands,Europe,2014,9050000
New Zealand,Asia,2014,1470000
Norway,Europe,2014,850000
Pakistan,Asia,2014,4730000
Peru,Americas,2014,869000
Philippines,Asia,2014,10600000
Poland,Europe,2014,49400000
Portugal,Europe,2014,2680000
Qatar,Asia,2014,0
Romania,Europe,2014,5750000
Russia,Europe,2014,87600000
Saudi Arabia,Asia,2014,141000
Singapore,Asia,2014,388000
Slovak Republic,Europe,2014,3420000
South Africa,Africa,2014,89800000
South Korea,Asia,2014,84600000
Spain,Europe,2014,11600000
Sweden,Europe,2014,2100000
Switzerland,Europe,2014,141000
Thailand,Asia,2014,17900000
Trinidad and Tobago,Americas,2014,0
Turkey,Europe,2014,36100000
Turkmenistan,Asia,2014,0
Ukraine,Europe,2014,35600000
United Arab Emirates,Asia,2014,1460000
United Kingdom,Europe,2014,29700000
United States,Americas,2014,454000000
Uzbekistan,Asia,2014,1220000
Venezuela,Americas,2014,197000
Vietnam,Asia,2014,18900000
Algeria,Africa,2015,144000
Argentina,Americas,2015,1360000
Australia,Asia,2015,44100000
Austria,Europe,2015,3240000
Azerbaijan,Europe,2015,354
Bangladesh,Asia,2015,693000
Belarus,Europe,2015,666000
Belgium,Europe,2015,3180000
Brazil,Americas,2015,17700000
Bulgaria,Europe,2015,6620000
Canada,Americas,2015,19600000
Chile,Americas,2015,7310000
China,Asia,2015,1910000000
Colombia,Americas,2015,5310000
Czech Republic,Europe,2015,16600000
Denmark,Europe,2015,1730000
Ecuador,Americas,2015,0
Egypt,Africa,2015,412000
Finland,Europe,2015,3790000
France,Europe,2015,8380000
Germany,Europe,2015,78500000
Greece,Europe,2015,5610000
Hungary,Europe,2015,2360000
India,Asia,2015,397000000
Indonesia,Asia,2015,51200000
Iran,Asia,2015,1640000
Ireland,Europe,2015,2190000
Israel,Asia,2015,6750000
Italy,Europe,2015,12300000
Japan,Asia,2015,120000000
Kazakhstan,Asia,2015,35800000
Kuwait,Asia,2015,0
Lithuania,Europe,2015,182000
Malaysia,Asia,2015,16900000
Mexico,Americas,2015,12700000
Netherlands,Europe,2015,11000000
New Zealand,Asia,2015,1440000
Norway,Europe,2015,819000
Pakistan,Asia,2015,4670000
Peru,Americas,2015,810000
Philippines,Asia,2015,11600000
Poland,Europe,2015,48700000
Portugal,Europe,2015,3260000
Qatar,Asia,2015,0
Romania,Europe,2015,5910000
Russia,Europe,2015,92200000
Saudi Arabia,Asia,2015,99500
Singapore,Asia,2015,406000
Slovak Republic,Europe,2015,3280000
South Africa,Africa,2015,83400000
South Korea,Asia,2015,85500000
Spain,Europe,2015,13700000
Sweden,Europe,2015,2120000
Switzerland,Europe,2015,129000
Thailand,Asia,2015,17600000
Trinidad and Tobago,Americas,2015,0
Turkey,Europe,2015,34700000
Turkmenistan,Asia,2015,0
Ukraine,Europe,2015,27300000
United Arab Emirates,Asia,2015,1260000
United Kingdom,Europe,2015,23000000
United States,Americas,2015,392000000
Uzbekistan,Asia,2015,1110000
Venezuela,Americas,2015,201000
Vietnam,Asia,2015,22300000
Algeria,Africa,2016,144000
Argentina,Americas,2016,1060000
Australia,Asia,2016,43800000
Austria,Europe,2016,3180000
Azerbaijan,Europe,2016,355
Bangladesh,Asia,2016,813000
Belarus,Europe,2016,779000
Belgium,Europe,2016,2980000
Brazil,Americas,2016,16500000
Bulgaria,Europe,2016,5740000
Canada,Americas,2016,18700000
Chile,Americas,2016,8230000
China,Asia,2016,1890000000
Colombia,Americas,2016,4580000
Czech Republic,Europe,2016,16900000
Denmark,Europe,2016,2090000
Ecuador,Americas,2016,0
Egypt,Africa,2016,430000
Finland,Europe,2016,4100000
France,Europe,2016,8320000
Germany,Europe,2016,75300000
Greece,Europe,2016,4680000
Hungary,Europe,2016,2280000
India,Asia,2016,412000000
Indonesia,Asia,2016,62700000
Iran,Asia,2016,1710000
Ireland,Europe,2016,2180000
Israel,Asia,2016,5720000
Italy,Europe,2016,10900000
Japan,Asia,2016,120000000
Kazakhstan,Asia,2016,35600000
Kuwait,Asia,2016,0
Lithuania,Europe,2016,192000
Malaysia,Asia,2016,19900000
Mexico,Americas,2016,9810000
Netherlands,Europe,2016,10300000
New Zealand,Asia,2016,1220000
Norway,Europe,2016,821000
Pakistan,Asia,2016,5390000
Peru,Americas,2016,813000
Philippines,Asia,2016,13500000
Poland,Europe,2016,48800000
Portugal,Europe,2016,2880000
Qatar,Asia,2016,0
Romania,Europe,2016,5400000
Russia,Europe,2016,87300000
Saudi Arabia,Asia,2016,99800
Singapore,Asia,2016,381000
Slovak Republic,Europe,2016,3120000
South Africa,Africa,2016,85100000
South Korea,Asia,2016,81600000
Spain,Europe,2016,10400000
Sweden,Europe,2016,2250000
Switzerland,Europe,2016,130000
Thailand,Asia,2016,17700000
Trinidad and Tobago,Americas,2016,0
Turkey,Europe,2016,38400000
Turkmenistan,Asia,2016,0
Ukraine,Europe,2016,31500000
United Arab Emirates,Asia,2016,1270000
United Kingdom,Europe,2016,11000000
United States,Americas,2016,358000000
Uzbekistan,Asia,2016,1000000
Venezuela,Americas,2016,67700
Vietnam,Asia,2016,21300000
